time_fs,mu_x_true,mu_x_pred,m_x_true,m_x_pred,is_train,is_val
0.2400055,0.2419185,0.2411475,-1.34377715e-05,-1.1493553e-05,0,0
0.26000595,0.24227461,0.24150433,-1.6047861e-05,-1.3931055e-05,0,0
0.2800064,0.24261674,0.24186136,-1.8670666e-05,-1.6617521e-05,0,0
0.30000687,0.24292938,0.24220549,-2.1077987e-05,-1.9363633e-05,0,0
0.32000732,0.24319787,0.24252185,-2.300381e-05,-2.1911064e-05,0,0
0.34000778,0.24341084,0.24279477,-2.4316929e-05,-2.39529e-05,0,0
0.36000824,0.24356249,0.2430095,-2.4990592e-05,-2.5259842e-05,0,0
0.3800087,0.24365136,0.24315464,-2.4985819e-05,-2.5741823e-05,0,0
0.40000916,0.24367735,0.24322379,-2.4377838e-05,-2.5385754e-05,0,0
0.4200096,0.24364018,0.24321535,-2.3347115e-05,-2.4279514e-05,0,0
0.44001007,0.24353899,0.24313137,-2.1951699e-05,-2.2629052e-05,0,0
0.46001053,0.24337202,0.2429756,-2.0163237e-05,-2.061252e-05,0,0
0.480011,0.24313779,0.24275206,-1.7969127e-05,-1.8300421e-05,0,0
0.50001144,0.24283679,0.24246418,-1.5297715e-05,-1.5696662e-05,0,0
0.5200119,0.2424716,0.24211502,-1.21153e-05,-1.2737521e-05,0,0
0.54001236,0.24204686,0.24170785,-8.603892e-06,-9.350772e-06,0,0
0.5600128,0.24157014,0.24124698,-5.001967e-06,-5.6156828e-06,0,0
0.5800133,0.24105151,0.2407386,-1.425259e-06,-1.7541954e-06,0,0
0.60001373,0.24050122,0.24019141,1.9900071e-06,2.02516e-06,0,0
0.6200142,0.23992854,0.23961633,5.0726503e-06,5.54296e-06,0,0
0.64001465,0.23934202,0.23902528,7.819109e-06,8.621827e-06,0,0
0.6600151,0.23874974,0.23843007,1.0305861e-05,1.1195035e-05,0,0
0.68001556,0.2381604,0.23784153,1.2534897e-05,1.33251015e-05,0,0
0.700016,0.2375846,0.23726955,1.4543939e-05,1.5092315e-05,0,0
0.7200165,0.23703505,0.23672362,1.638633e-05,1.6582351e-05,0,0
0.74001694,0.23652588,0.23621386,1.7972972e-05,1.7884755e-05,0,0
0.7600174,0.23607211,0.23575161,1.9182286e-05,1.8991166e-05,0,0
0.78001785,0.23568779,0.2353495,2.0020323e-05,1.9800616e-05,0,0
0.8000183,0.23538375,0.23502073,2.0486917e-05,2.0250474e-05,0,0
0.82001877,0.23516731,0.23477751,2.0497557e-05,2.0319287e-05,0,0
0.8400192,0.23504347,0.2346295,2.009644e-05,1.9954385e-05,0,0
0.8600197,0.23501535,0.23458295,1.9476238e-05,1.915901e-05,0,0
0.88002014,0.23508425,0.23464066,1.8748595e-05,1.8077815e-05,0,0
0.9000206,0.2352498,0.23480217,1.7952063e-05,1.68859e-05,0,0
0.92002106,0.23550962,0.2350643,1.7120132e-05,1.5699512e-05,0,0
0.9400215,0.23585922,0.23542143,1.6207949e-05,1.4579411e-05,0,0
0.960022,0.23629276,0.23586592,1.5192355e-05,1.35035025e-05,0,0
0.98002243,0.23680249,0.23638844,1.42452045e-05,1.2418421e-05,0,0
1.0000229,0.2373775,0.23697844,1.3643739e-05,1.1394211e-05,0,0
1.0200233,0.23800403,0.23762365,1.3578561e-05,1.0662542e-05,0,0
1.0400238,0.23866652,0.2383098,1.4136046e-05,1.0483571e-05,0,0
1.0600243,0.2393482,0.23902076,1.5333979e-05,1.1032285e-05,0,0
1.0800247,0.24003263,0.23973888,1.7054785e-05,1.2367315e-05,0,0
1.1000252,0.24070537,0.24044609,1.9162459e-05,1.4392882e-05,0,0
1.1200256,0.24135405,0.2411254,2.1692635e-05,1.6920028e-05,0,0
1.1400261,0.2419664,0.24176213,2.4689969e-05,1.9845056e-05,0,0
1.1600266,0.24252987,0.2423439,2.8059952e-05,2.3154915e-05,0,0
1.180027,0.24303217,0.24286018,3.1664447e-05,2.6797594e-05,0,0
1.2000275,0.24346139,0.24330159,3.52958e-05,3.065193e-05,0,0
1.2200279,0.24380614,0.2436596,3.8715938e-05,3.4513334e-05,0,0
1.2400284,0.24405694,0.24392627,4.17745e-05,3.8118924e-05,0,0
1.2600288,0.2442065,0.24409446,4.423512e-05,4.124556e-05,0,0
1.2800293,0.24424948,0.24415825,4.5685847e-05,4.365914e-05,0,0
1.3000298,0.24418372,0.24411331,4.58414e-05,4.500211e-05,0,0
1.3200302,0.2440109,0.24395755,4.469376e-05,4.4923534e-05,0,0
1.3400307,0.24373564,0.2436919,4.2287702e-05,4.3289154e-05,0,0
1.3600311,0.24336417,0.24332087,3.8605114e-05,4.0150026e-05,0,0
1.3800316,0.24290374,0.2428522,3.3705182e-05,3.560121e-05,0,0
1.400032,0.24236262,0.24229616,2.7692684e-05,2.9774237e-05,0,0
1.4200325,0.2417499,0.2416646,2.0575995e-05,2.2836211e-05,0,0
1.440033,0.24107656,0.24097036,1.2435052e-05,1.4896563e-05,0,0
1.4600334,0.24035648,0.24022706,3.589483e-06,6.056757e-06,0,0
1.4800339,0.23960562,0.23944952,-5.6100807e-06,-3.4265863e-06,0,0
1.5000343,0.23884146,0.2386541,-1.49310545e-05,-1.3176241e-05,0,0
1.5200348,0.23808324,0.2378587,-2.4115147e-05,-2.2849114e-05,0,0
1.5400352,0.23735043,0.23708251,-3.2899858e-05,-3.2142594e-05,0,0
1.5600357,0.2366598,0.23634554,-4.12075e-05,-4.0783212e-05,0,0
1.5800362,0.23602441,0.23566696,-4.903048e-05,-4.8636255e-05,0,0
1.6000366,0.23545454,0.23506323,-5.6243895e-05,-5.5704226e-05,0,0
1.6200371,0.23495856,0.2345469,-6.2712934e-05,-6.197734e-05,0,0
1.6400375,0.23454407,0.23412646,-6.831136e-05,-6.739896e-05,0,0
1.660038,0.23421931,0.233807,-7.279138e-05,-7.188123e-05,0,0
1.6800385,0.23399276,0.23359156,-7.592046e-05,-7.524057e-05,0,0
1.7000389,0.23387153,0.23348248,-7.767417e-05,-7.724323e-05,0,0
1.7200394,0.23386008,0.23348175,-7.8149744e-05,-7.777654e-05,0,0
1.7400398,0.2339595,0.2335906,-7.742419e-05,-7.690196e-05,0,0
1.7600403,0.23416755,0.23380862,-7.550154e-05,-7.4762254e-05,0,0
1.7800407,0.23447865,0.23413296,-7.2309536e-05,-7.146879e-05,0,0
1.8000412,0.23488511,0.23455767,-6.782535e-05,-6.7037196e-05,0,0
1.8200417,0.23537877,0.2350738,-6.216653e-05,-6.144933e-05,0,0
1.8400421,0.23595119,0.23567009,-5.5434495e-05,-5.4770302e-05,0,0
1.8600426,0.236593,0.23633407,-4.765145e-05,-4.7115795e-05,0,0
1.880043,0.23729402,0.23705272,-3.8906423e-05,-3.8566093e-05,0,0
1.9000435,0.2380428,0.23781289,-2.9352617e-05,-2.9207678e-05,0,0
1.920044,0.23882551,0.23860146,-1.9196164e-05,-1.9176248e-05,0,0
1.9400444,0.2396257,0.23940487,-8.789529e-06,-8.67134e-06,0,0
1.9600449,0.2404249,0.24020846,1.5017686e-06,1.9813237e-06,0,0
1.9800453,0.24120429,0.24099617,1.1489926e-05,1.2380041e-05,0,0
2.0000458,0.2419464,0.24175082,2.1142663e-05,2.2220394e-05,0,0
2.0200462,0.24263577,0.2424553,3.0472587e-05,3.1389704e-05,0,0
2.0400467,0.24325895,0.24309368,3.942456e-05,3.992247e-05,0,0
2.0600471,0.24380457,0.24365212,4.7867892e-05,4.7870457e-05,0,0
2.0800476,0.24426317,0.24411935,5.564805e-05,5.5212404e-05,0,0
2.100048,0.24462678,0.24448693,6.2561194e-05,6.18506e-05,0,0
2.1200485,0.24488837,0.2447489,6.839183e-05,6.761142e-05,0,0
2.140049,0.24504119,0.24490133,7.2961586e-05,7.2275696e-05,0,0
2.1600494,0.24507967,0.24494149,7.609295e-05,7.5634496e-05,0,0
2.18005,0.24500155,0.24486747,7.767306e-05,7.749857e-05,0,0
2.2000504,0.24480855,0.24467865,7.775738e-05,7.77362e-05,0,0
2.2200508,0.24450555,0.2443766,7.6528435e-05,7.6363416e-05,0,0
2.2400513,0.24410084,0.24396585,7.413434e-05,7.356831e-05,0,0
2.2600517,0.24360515,0.24345438,7.056613e-05,6.959952e-05,0,0
2.2800522,0.24302955,0.2428537,6.574565e-05,6.4600645e-05,0,0
2.3000526,0.24238469,0.24217783,5.9690545e-05,5.8574176e-05,0,0
2.320053,0.24168083,0.24144194,5.252072e-05,5.1502284e-05,0,0
2.3400536,0.24092823,0.24066114,4.44168e-05,4.3444645e-05,0,0
2.360054,0.240139,0.2398497,3.5666315e-05,3.455831e-05,0,0
2.3800545,0.23932834,0.23902129,2.6631857e-05,2.5120295e-05,0,0
2.400055,0.23851371,0.23819005,1.756636e-05,1.551458e-05,0,0
2.4200554,0.23771332,0.23737141,8.592341e-06,6.093369e-06,0,0
2.4400558,0.23694566,0.23658206,-1.8585321e-07,-2.929294e-06,0,0
2.4600563,0.23622888,0.23583966,-8.759413e-06,-1.1447288e-05,0,0
2.4800568,0.2355798,0.23516205,-1.7147751e-05,-1.9467096e-05,0,0
2.5000572,0.235013,0.23456635,-2.5157573e-05,-2.7066819e-05,0,0
2.5200577,0.23454061,0.23406787,-3.2557535e-05,-3.420491e-05,0,0
2.5400581,0.23417282,0.23367922,-3.929721e-05,-4.071364e-05,0,0
2.5600586,0.23391858,0.23340987,-4.5371224e-05,-4.6475638e-05,0,0
2.580059,0.23378572,0.23326632,-5.0816805e-05,-5.1461535e-05,0,0
2.6000595,0.23378068,0.23325273,-5.5763652e-05,-5.57203e-05,0,0
2.62006,0.2339079,0.23337132,-6.026105e-05,-5.9395767e-05,0,0
2.6400604,0.23416854,0.23362264,-6.424141e-05,-6.262228e-05,0,0
2.660061,0.2345592,0.23400523,-6.764818e-05,-6.5426575e-05,0,0
2.6800613,0.23507178,0.23451452,-7.0479575e-05,-6.7764915e-05,0,0
2.7000618,0.2356943,0.23514195,-7.2775976e-05,-6.959931e-05,0,0
2.7200623,0.23641214,0.23587447,-7.4552576e-05,-7.093757e-05,0,0
2.7400627,0.23721014,0.23669498,-7.5682845e-05,-7.1802606e-05,0,0
2.7600632,0.23807384,0.23758374,-7.591204e-05,-7.2125724e-05,0,0
2.7800636,0.23898824,0.23852031,-7.5057105e-05,-7.1690294e-05,0,0
2.800064,0.23993649,0.23948476,-7.315057e-05,-7.024588e-05,0,0
2.8200645,0.24090025,0.24045785,-7.030574e-05,-6.7694964e-05,0,0
2.840065,0.2418602,0.24142095,-6.647485e-05,-6.4109874e-05,0,0
2.8600655,0.242796,0.24235602,-6.148414e-05,-5.9546044e-05,0,0
2.880066,0.24368669,0.24324527,-5.5311877e-05,-5.392947e-05,0,0
2.9000664,0.2445119,0.24407127,-4.81786e-05,-4.7196507e-05,0,0
2.9200668,0.24525386,0.24481702,-4.0407984e-05,-3.947167e-05,0,0
2.9400673,0.24589802,0.24546677,-3.2293345e-05,-3.107189e-05,0,0
2.9600677,0.24643172,0.24600704,-2.3922783e-05,-2.238378e-05,0,0
2.9800682,0.24684358,0.24642684,-1.5153162e-05,-1.3658432e-05,0,0
3.0000687,0.24712402,0.24671745,-5.9118056e-06,-4.8775814e-06,0,0
3.0200691,0.24726513,0.24687229,3.6470637e-06,4.0949644e-06,0,0
3.0400696,0.24726005,0.24688652,1.3257088e-05,1.3273928e-05,0,0
3.06007,0.24710366,0.24675672,2.255383e-05,2.2487824e-05,0,0
3.0800705,0.2467941,0.24648051,3.118733e-05,3.139282e-05,0,0
3.100071,0.2463338,0.24605717,3.9114395e-05,3.9576415e-05,0,0
3.1200714,0.24572966,0.24548846,4.652386e-05,4.682138e-05,0,0
3.1400719,0.24499269,0.24477988,5.3455835e-05,5.3217587e-05,0,0
3.1600723,0.24413721,0.24394134,5.975853e-05,5.8932463e-05,0,0
3.1800728,0.24317977,0.24298748,6.531658e-05,6.399538e-05,0,0
3.2000732,0.24213848,0.24193731,7.016435e-05,6.8340545e-05,0,0
3.2200737,0.24103269,0.24081305,7.4477e-05,7.195435e-05,0,0
3.2400742,0.23988253,0.23963901,7.840392e-05,7.496677e-05,0,0
3.2600746,0.23870896,0.2384404,8.188321e-05,7.757628e-05,0,0
3.280075,0.23753452,0.2372423,8.4694606e-05,7.9856196e-05,0,0
3.3000755,0.23638351,0.23606941,8.652133e-05,8.167135e-05,0,0
3.320076,0.23528142,0.2349461,8.706347e-05,8.2701925e-05,0,0
3.3400764,0.2342539,0.23389646,8.629759e-05,8.255874e-05,0,0
3.360077,0.233325,0.23294416,8.4387546e-05,8.103307e-05,0,0
3.3800774,0.23251528,0.23211162,8.1460814e-05,7.818767e-05,0,0
3.4000778,0.23184104,0.23141865,7.768219e-05,7.42168e-05,0,0
3.4200783,0.23131493,0.23088112,7.314937e-05,6.937236e-05,0,0
3.4400787,0.23094618,0.23051019,6.77457e-05,6.386518e-05,0,0
3.4600792,0.23074135,0.23031226,6.1395855e-05,5.7714777e-05,0,0
3.4800797,0.23070537,0.23028946,5.423984e-05,5.083676e-05,0,0
3.50008,0.23084095,0.23044068,4.6524485e-05,4.3252476e-05,0,0
3.5200806,0.23114732,0.23076247,3.8505867e-05,3.5146386e-05,0,0
3.540081,0.23161975,0.23124914,3.0383446e-05,2.6800537e-05,0,0
3.5600815,0.23224999,0.2318926,2.23232e-05,1.8489807e-05,0,0
3.580082,0.23302618,0.23268186,1.4519719e-05,1.0435238e-05,0,0
3.6000824,0.23393294,0.23360278,7.128868e-06,2.8338766e-06,0,0
3.6200829,0.23495233,0.23463777,2.1776032e-07,-4.1538547e-06,0,0
3.6400833,0.23606378,0.235766,-6.1977094e-06,-1.0448003e-05,0,0
3.6600838,0.23724407,0.23696378,-1.2168995e-05,-1.605031e-05,0,0
3.6800842,0.23846877,0.2382052,-1.776655e-05,-2.1043299e-05,0,0
3.7000847,0.23971292,0.23946312,-2.293182e-05,-2.5556024e-05,0,0
3.7200851,0.24095067,0.24071056,-2.7548549e-05,-2.9641027e-05,0,0
3.7400856,0.24215567,0.24192151,-3.162767e-05,-3.3243898e-05,0,0
3.760086,0.24330236,0.2430714,-3.528145e-05,-3.633079e-05,0,0
3.7800865,0.24436651,0.24413753,-3.8697748e-05,-3.896728e-05,0,0
3.800087,0.2453251,0.24509926,-4.213459e-05,-4.133171e-05,0,0
3.8200874,0.24615672,0.24593809,-4.5735713e-05,-4.3702945e-05,0,0
3.840088,0.24684268,0.2466374,-4.9457816e-05,-4.6324487e-05,0,0
3.8600883,0.24736784,0.24718258,-5.316747e-05,-4.9265276e-05,0,0
3.8800888,0.24772108,0.24756141,-5.6732824e-05,-5.2416977e-05,0,0
3.9000893,0.24789582,0.24776451,-6.0170973e-05,-5.5584635e-05,0,0
3.9200897,0.24789016,0.24778593,-6.361227e-05,-5.8652502e-05,0,0
3.9400902,0.2477059,0.24762371,-6.705948e-05,-6.16582e-05,0,0
3.9600906,0.24734795,0.24728017,-7.039188e-05,-6.465108e-05,0,0
3.980091,0.24682462,0.24676166,-7.349386e-05,-6.757938e-05,0,0
4.0000916,0.24614751,0.24607849,-7.6238335e-05,-7.03237e-05,0,0
4.020092,0.24533124,0.24524473,-7.851507e-05,-7.273111e-05,0,0
4.0400925,0.24439351,0.24427812,-8.027375e-05,-7.465424e-05,0,0
4.060093,0.24335463,0.24319977,-8.143174e-05,-7.6e-05,0,0
4.0800934,0.24223694,0.2420338,-8.18536e-05,-7.6694116e-05,0,0
4.100094,0.24106406,0.24080664,-8.142386e-05,-7.663169e-05,0,0
4.1200943,0.23985972,0.23954615,-7.997662e-05,-7.5697586e-05,0,0
4.1400948,0.23864694,0.23828039,-7.7263554e-05,-7.374321e-05,0,0
4.160095,0.237448,0.23703632,-7.3115225e-05,-7.05472e-05,0,0
4.1800957,0.2362845,0.23583893,-6.7463945e-05,-6.58996e-05,0,0
4.200096,0.23517768,0.23471077,-6.0249386e-05,-5.968213e-05,0,0
4.2200966,0.23414873,0.23367198,-5.1478433e-05,-5.184477e-05,0,0
4.240097,0.23321833,0.2327407,-4.1285366e-05,-4.241066e-05,0,0
4.2600975,0.23240633,0.2319334,-2.985915e-05,-3.1520234e-05,0,0
4.280098,0.23173076,0.23126496,-1.7301274e-05,-1.9409084e-05,0,0
4.3000984,0.23120627,0.23074865,-3.5980897e-06,-6.2885524e-06,0,0
4.320099,0.23084357,0.23039526,1.1179095e-05,7.749996e-06,0,0
4.3400993,0.23065005,0.2302125,2.679898e-05,2.264623e-05,0,0
4.3601,0.23063022,0.23020454,4.295338e-05,3.823768e-05,0,0
4.3801003,0.23078544,0.23037226,5.9138325e-05,5.4239637e-05,0,0
4.4001007,0.23111373,0.23071334,7.46566e-05,7.017945e-05,0,0
4.420101,0.23161061,0.2312223,8.891953e-05,8.536369e-05,0,0
4.4401016,0.23226981,0.2318909,0.000101571604,9.906867e-05,0,0
4.460102,0.23308241,0.23270856,0.00011242835,0.00011076213,0,0
4.4801025,0.23403563,0.2336624,0.00012142052,0.00012017541,0,0
4.500103,0.2351122,0.23473692,0.00012843739,0.00012726693,0,0
4.5201035,0.23629074,0.2359131,0.00013325289,0.0001320707,0,0
4.540104,0.23754628,0.23716809,0.00013565533,0.00013454347,0,0
4.5601044,0.23885168,0.2384754,0.0001354984,0.00013457086,0,0
4.580105,0.2401796,0.2398059,0.00013269953,0.00013203679,0,0
4.6001053,0.24150364,0.24112979,0.00012730288,0.00012687316,0,0
4.6201057,0.24279837,0.24241847,0.00011936297,0.00011912416,0,0
4.640106,0.24403961,0.24364603,0.0001088751,0.00010890328,0,0
4.6601067,0.24520409,0.24478969,9.602054e-05,9.6303855e-05,0,0
4.680107,0.24626873,0.24582982,8.1179314e-05,8.150581e-05,0,0
4.7001076,0.2472108,0.24674915,6.4711676e-05,6.4873835e-05,0,0
4.720108,0.24800952,0.24753204,4.703232e-05,4.6857676e-05,0,0
4.7401085,0.24864747,0.24816416,2.8596829e-05,2.7950906e-05,0,0
4.760109,0.24911053,0.2486328,9.669347e-06,8.669278e-06,0,0
4.7801094,0.24938834,0.24892727,-9.627745e-06,-1.0607636e-05,0,0
4.80011,0.24947521,0.24903923,-2.9126948e-05,-2.9701641e-05,0,0
4.8201103,0.24937037,0.24896346,-4.851058e-05,-4.8521113e-05,0,0
4.840111,0.24907708,0.24869849,-6.724369e-05,-6.689393e-05,0,0
4.860111,0.24860182,0.24824706,-8.4699415e-05,-8.442943e-05,0,0
4.8801117,0.24795303,0.2476161,-0.00010033255,-0.00010054195,0,0
4.900112,0.24714097,0.24681619,-0.000113692564,-0.0001146131,0,0
4.9201126,0.24617893,0.24586093,-0.00012445576,-0.00012611107,0,0
4.940113,0.24508369,0.24476673,-0.00013251058,-0.00013466178,0,0
4.9601135,0.24387558,0.24355291,-0.00013795334,-0.00014012637,0,0
4.980114,0.24257892,0.24224213,-0.00014095602,-0.00014262908,0,0
5.0001144,0.24122158,0.24086064,-0.00014157452,-0.00014246936,0,0
5.020115,0.23983292,0.23943828,-0.00013973222,-0.00013992301,0,0
5.0401154,0.23844196,0.23800734,-0.00013541427,-0.00013511046,0,0
5.060116,0.23707664,0.23660083,-0.00012869947,-0.00012807267,0,0
5.0801163,0.23576415,0.23525059,-0.00011969471,-0.00011887534,0,0
5.1001167,0.23453094,0.23398615,-0.000108727574,-0.00010762812,0,0
5.120117,0.23340248,0.23283416,-9.6385265e-05,-9.4606556e-05,0,0
5.1401176,0.23240255,0.23181821,-8.32073e-05,-8.035403e-05,0,0
5.160118,0.23155285,0.2309588,-6.9653e-05,-6.552232e-05,0,0
5.1801186,0.23087247,0.23027319,-5.61127e-05,-5.0716142e-05,0,0
5.200119,0.23037753,0.2297753,-4.2579537e-05,-3.6423102e-05,0,0
5.2201195,0.23007996,0.22947572,-2.8733642e-05,-2.2784712e-05,0,0
5.24012,0.2299862,0.22938155,-1.4487282e-05,-9.518792e-06,0,0
5.2601204,0.23009719,0.2294957,-1.036495e-07,3.7211776e-06,0,0
5.280121,0.23041001,0.22981657,1.4066657e-05,1.6997896e-05,0,0
5.3001213,0.23091884,0.23033795,2.7696442e-05,3.0090168e-05,0,0
5.320122,0.2316143,0.23104961,4.0476407e-05,4.264112e-05,0,0
5.340122,0.23248318,0.23193763,5.2245956e-05,5.4268105e-05,0,0
5.3601227,0.233509,0.23298438,6.3070234e-05,6.470312e-05,0,0
5.380123,0.23467197,0.23416862,7.2997354e-05,7.3916075e-05,0,0
5.4001236,0.23594853,0.2354657,8.189344e-05,8.2010716e-05,0,0
5.420124,0.2373121,0.23684777,8.9618945e-05,8.901391e-05,0,0
5.4401245,0.23873399,0.23828444,9.605466e-05,9.486251e-05,0,0
5.460125,0.240184,0.23974389,0.00010095762,9.945279e-05,0,0
5.4801254,0.24163085,0.24119417,0.00010411608,0.00010258719,0,0
5.500126,0.24304336,0.24260437,0.00010550194,0.00010403294,0,0
5.5201263,0.24439159,0.2439454,0.00010502,0.00010367383,0,0
5.540127,0.24564777,0.2451908,0.000102510174,0.00010143989,0,0
5.5601273,0.24678664,0.24631728,9.820335e-05,9.722974e-05,0,0
5.5801277,0.24778539,0.24730478,9.26316e-05,9.116678e-05,0,0
5.600128,0.24862267,0.24813625,8.616348e-05,8.372725e-05,0,0
5.6201286,0.24927795,0.248797,7.913095e-05,7.54684e-05,0,0
5.640129,0.249733,0.24927376,7.196192e-05,6.689253e-05,0,0
5.6601295,0.24997388,0.24955444,6.4919535e-05,5.8488637e-05,0,0
5.68013,0.24999161,0.24962832,5.8112568e-05,5.0620474e-05,0,0
5.7001305,0.24978241,0.24948706,5.155813e-05,4.3455275e-05,0,0
5.720131,0.24934821,0.24912547,4.5104312e-05,3.6985177e-05,0,0
5.7401314,0.24869642,0.24854273,3.8680937e-05,3.101289e-05,0,0
5.760132,0.24783877,0.24774335,3.2522315e-05,2.5311161e-05,0,0
5.7801323,0.24679083,0.24673784,2.6947448e-05,1.9882506e-05,0,0
5.8001328,0.24557172,0.24554281,2.2105452e-05,1.4960902e-05,0,0
5.820133,0.24420373,0.24418099,1.7948454e-05,1.0788488e-05,0,0
5.8401337,0.2427125,0.24268048,1.42910985e-05,7.4374702e-06,0,0
5.860134,0.24112713,0.2410739,1.0831781e-05,4.767382e-06,0,0
5.8801346,0.23947954,0.23939748,7.2258235e-06,2.449307e-06,0,0
5.900135,0.2378041,0.2376896,3.2559358e-06,4.830372e-08,0,0
5.9201355,0.23613726,0.23598972,-1.1327353e-06,-2.8091606e-06,0,0
5.940136,0.2345163,0.23433724,-5.8905557e-06,-6.312168e-06,0,0
5.9601364,0.23297729,0.23277047,-1.0786604e-05,-1.0454691e-05,0,0
5.980137,0.23155347,0.23132542,-1.5483276e-05,-1.50111755e-05,0,0
6.0001373,0.23027448,0.23003441,-1.978874e-05,-1.9579189e-05,0,0
6.020138,0.22916616,0.22892487,-2.3588242e-05,-2.3786934e-05,0,0
6.0401382,0.22825037,0.22801857,-2.6766364e-05,-2.7384785e-05,0,0
6.0601387,0.22754572,0.22733125,-2.9500272e-05,-3.0215853e-05,0,0
6.080139,0.22706783,0.22687313,-3.2124997e-05,-3.23639e-05,0,0
6.1001396,0.2268282,0.22664984,-3.4608784e-05,-3.416327e-05,0,0
6.12014,0.22683357,0.22666341,-3.6716658e-05,-3.5824753e-05,0,0
6.1401405,0.22708572,0.22691302,-3.8400765e-05,-3.7282498e-05,0,0
6.160141,0.22758055,0.22739531,-3.9645165e-05,-3.841826e-05,0,0
6.1801414,0.22830741,0.22810407,-4.045919e-05,-3.914984e-05,0,0
6.200142,0.22925009,0.22902912,-4.1113064e-05,-3.9450413e-05,0,0
6.2201424,0.2303882,0.23015505,-4.193157e-05,-3.949819e-05,0,0
6.240143,0.23169851,0.2314606,-4.3039858e-05,-3.963501e-05,0,0
6.2601433,0.23315606,0.23291883,-4.4542146e-05,-4.013771e-05,0,0
6.2801437,0.2347342,0.23449814,-4.6595247e-05,-4.118358e-05,0,0
6.300144,0.2364043,0.23616396,-4.9186983e-05,-4.2919568e-05,0,0
6.3201447,0.23813504,0.2378803,-5.2147057e-05,-4.5374964e-05,0,0
6.340145,0.2398926,0.2396111,-5.5321514e-05,-4.840191e-05,0,0
6.3601456,0.24164121,0.24132122,-5.8513793e-05,-5.1768107e-05,0,0
6.380146,0.24334483,0.24297711,-6.1440944e-05,-5.5198947e-05,0,0
6.4001465,0.24496883,0.24454764,-6.3889114e-05,-5.836317e-05,0,0
6.420147,0.2464813,0.2460046,-6.57798e-05,-6.095768e-05,0,0
6.4401474,0.24785395,0.24732311,-6.7101086e-05,-6.280927e-05,0,0
6.460148,0.24906233,0.24848177,-6.790017e-05,-6.388016e-05,0,0
6.4801483,0.2500854,0.24946257,-6.828052e-05,-6.424175e-05,0,0
6.500149,0.25090554,0.25025076,-6.81926e-05,-6.4046915e-05,0,0
6.520149,0.25150833,0.25083452,-6.73217e-05,-6.337525e-05,0,0
6.5401497,0.2518825,0.25120485,-6.541015e-05,-6.2059196e-05,0,0
6.56015,0.25201982,0.2513553,-6.2449624e-05,-5.9809696e-05,0,0
6.5801506,0.25191647,0.25128162,-5.8541224e-05,-5.646678e-05,0,0
6.600151,0.25157464,0.2509818,-5.395296e-05,-5.2060168e-05,0,0
6.6201515,0.25100288,0.250457,-4.906762e-05,-4.6836973e-05,0,0
6.640152,0.25021556,0.24971256,-4.4041037e-05,-4.1226616e-05,0,0
6.6601524,0.24923202,0.24875933,-3.879947e-05,-3.5580728e-05,0,0
6.680153,0.24807496,0.24761449,-3.320793e-05,-2.9997731e-05,0,0
6.7001534,0.24676883,0.24630155,-2.7004447e-05,-2.4366425e-05,0,0
6.720154,0.24533892,0.24484943,-1.982769e-05,-1.8395123e-05,0,0
6.7401543,0.24381189,0.24329056,-1.1394703e-05,-1.1652665e-05,0,0
6.7601547,0.2422159,0.24165933,-1.5821234e-06,-3.7127402e-06,0,0
6.780155,0.24058075,0.23999067,9.556234e-06,5.6995477e-06,0,0
6.8001556,0.23893899,0.23831913,2.177034e-05,1.6626243e-05,0,0
6.820156,0.23732528,0.23667887,3.46778e-05,2.8843879e-05,0,0
6.8401566,0.23577374,0.23510359,4.7966143e-05,4.1909905e-05,0,0
6.860157,0.23431581,0.23362607,6.157416e-05,5.534283e-05,0,0
6.8801575,0.2329799,0.2322769,7.556404e-05,6.885935e-05,0,0
6.900158,0.23179069,0.23108336,8.976091e-05,8.241753e-05,0,0
6.9201584,0.23076914,0.23006846,0.00010369968,9.595755e-05,0,0
6.940159,0.22993332,0.22925025,0.00011686799,0.00010917407,0,0
6.9601593,0.22929847,0.2286418,0.00012865284,0.00012156688,0,0
6.9801598,0.22887634,0.22825146,0.00013833212,0.0001324897,0,0
7.00016,0.22867525,0.22808345,0.00014548337,0.0001411759,0,0
7.0201607,0.22869988,0.2281384,0.00014997544,0.00014701652,0,0
7.040161,0.22894996,0.22841407,0.00015160663,0.00014973783,0,0
7.0601616,0.22942021,0.22890535,0.00015025323,0.00014922937,0,0
7.080162,0.23010133,0.22960404,0.00014605788,0.00014547765,0,0
7.1001625,0.23097938,0.23049845,0.00013922156,0.00013866859,0,0
7.120163,0.23203522,0.23157275,0.00012986735,0.0001291299,0,0
7.1401634,0.23324533,0.23280607,0.00011803164,0.000117178744,0,0
7.160164,0.23458359,0.23417206,0.000103726474,0.00010302053,0,0
7.1801643,0.23602216,0.23563968,8.711292e-05,8.675044e-05,0,0
7.200165,0.23753208,0.23717484,6.855118e-05,6.849681e-05,0,0
7.2201653,0.2390836,0.2387425,4.8481535e-05,4.8555336e-05,0,0
7.2401657,0.2406461,0.24030851,2.7283591e-05,2.7375114e-05,0,0
7.260166,0.24218832,0.24184085,5.253744e-06,5.428396e-06,0,0
7.2801666,0.24367905,0.24331021,-1.7245045e-05,-1.6895085e-05,0,0
7.300167,0.24508716,0.2446901,-3.981376e-05,-3.923551e-05,0,0
7.3201675,0.24638279,0.24595647,-6.2235915e-05,-6.122398e-05,0,0
7.340168,0.24753937,0.2470874,-8.4340194e-05,-8.260295e-05,0,0
7.3601685,0.24853495,0.24806333,-0.000105773535,-0.00010322278,0,0
7.380169,0.24935198,0.24886747,-0.00012618673,-0.00012286588,0,0
7.4001694,0.24997652,0.24948627,-0.00014524191,-0.00014124681,0,0
7.42017,0.2503979,0.2499095,-0.00016234191,-0.00015805183,0,0
7.4401703,0.25060865,0.25013006,-0.00017678714,-0.00017279256,0,0
7.4601707,0.25060433,0.25014374,-0.00018799034,-0.00018480737,0,0
7.480171,0.2503835,0.24994904,-0.00019538356,-0.0001934305,0,0
7.5001717,0.24994837,0.24954684,-0.00019860774,-0.00019804963,0,0
7.520172,0.24930501,0.24894053,-0.00019770498,-0.00019823413,0,0
7.5401726,0.24846375,0.24813637,-0.00019280762,-0.00019393033,0,0
7.560173,0.24743974,0.24714425,-0.00018393269,-0.00018536377,0,0
7.5801735,0.24625263,0.24597856,-0.00017112185,-0.00017279352,0,0
7.600174,0.24492532,0.24465905,-0.00015445183,-0.00015644646,0,0
7.6201744,0.24348281,0.243211,-0.00013399257,-0.00013652245,0,0
7.640175,0.24195184,0.24166429,-0.00011000749,-0.00011318838,0,0
7.6601753,0.2403604,0.24005198,-8.313091e-05,-8.670692e-05,0,0
7.680176,0.23873708,0.23840868,-5.4255455e-05,-5.764221e-05,0,0
7.7001762,0.23711133,0.23676895,-2.436977e-05,-2.6894788e-05,0,0
7.7201767,0.235514,0.23516609,5.5964388e-06,4.4277112e-06,0,0
7.740177,0.23397759,0.23363197,3.501659e-05,3.521461e-05,0,0
7.7601776,0.23253527,0.23219712,6.35092e-05,6.46218e-05,0,0
7.780178,0.23121914,0.2308909,9.055432e-05,9.216729e-05,0,0
7.8001785,0.2300587,0.22974093,0.0001154592,0.0001174858,0,0
7.820179,0.22907995,0.22877215,0.0001377213,0.00014010764,0,0
7.8401794,0.22830382,0.22800565,0.00015711019,0.00015958145,0,0
7.86018,0.22774541,0.2274576,0.00017338508,0.00017565425,0,0
7.8801804,0.22741504,0.22713839,0.00018626932,0.0001881928,0,0
7.900181,0.22731908,0.22705278,0.00019560437,0.00019707803,0,0
7.9201813,0.22746052,0.22720085,0.0002011869,0.00020224169,0,0
7.9401817,0.22783934,0.22757912,0.00020279482,0.00020360715,0,0
7.960182,0.22845158,0.2281817,0.00020053548,0.00020105831,0,0
7.9801826,0.22928773,0.22900055,0.00019469274,0.00019465819,0,0
8.000183,0.23033234,0.23002464,0.00018546093,0.00018470701,0,0
8.020184,0.2315651,0.2312384,0.00017318591,0.00017156512,0,0
8.040184,0.23296078,0.23262052,0.0001583568,0.00015567125,0,0
8.0601845,0.23448962,0.23414335,0.00014125537,0.00013757976,0,0
8.080185,0.23611932,0.23577292,0.000122049394,0.00011775295,0,0
8.100185,0.23781687,0.23747078,0.00010108925,9.647446e-05,0,0
8.120186,0.2395491,0.2391967,7.882697e-05,7.402833e-05,0,0
8.140186,0.24128291,0.24091162,5.5620356e-05,5.079137e-05,0,0
8.160187,0.24298516,0.24257974,3.1781892e-05,2.7137305e-05,0,0
8.180187,0.2446225,0.24416953,7.705327e-06,3.3853134e-06,0,0
8.200188,0.24616152,0.24565345,-1.6131558e-05,-2.0132546e-05,0,0
8.220188,0.24756919,0.24700715,-3.9243634e-05,-4.301242e-05,0,0
8.240189,0.24881369,0.2482083,-6.120798e-05,-6.480069e-05,0,0
8.260189,0.24986622,0.24923599,-8.167973e-05,-8.506733e-05,0,0
8.2801895,0.2507032,0.25007048,-0.00010036223,-0.000103460414,0,0
8.30019,0.25130728,0.25069404,-0.0001169665,-0.000119709664,0,0
8.32019,0.25166693,0.2510919,-0.00013124301,-0.00013358958,0,0
8.340191,0.2517755,0.251253,-0.00014306884,-0.00014491154,0,0
8.360191,0.25163066,0.25117052,-0.00015230569,-0.00015358083,0,0
8.380192,0.2512334,0.2508417,-0.0001586482,-0.000159542,0,0
8.400192,0.2505884,0.25026774,-0.00016193249,-0.00016263466,0,0
8.420193,0.24970557,0.24945349,-0.00016236331,-0.00016270389,0,0
8.440193,0.24860114,0.24840815,-0.00016025621,-0.00015985269,0,0
8.460194,0.24729744,0.24714668,-0.00015586724,-0.00015442587,0,0
8.480194,0.2458226,0.24569108,-0.00014933189,-0.00014683558,0,0
8.500195,0.24420926,0.2440713,-0.00014053326,-0.0001373994,0,0
8.520195,0.242492,0.24232498,-0.00012931711,-0.00012617507,0,0
8.540195,0.24070601,0.24049523,-0.00011587391,-0.000113024485,0,0
8.560196,0.238887,0.23862767,-0.00010067186,-9.794806e-05,0,0
8.580196,0.23707062,0.23676749,-8.415139e-05,-8.126224e-05,0,0
8.600197,0.23529227,0.23495711,-6.666232e-05,-6.345617e-05,0,0
8.620197,0.23358764,0.23323521,-4.8500555e-05,-4.5009485e-05,0,0
8.640198,0.23199251,0.23163655,-2.9869163e-05,-2.6312238e-05,0,0
8.660198,0.23054196,0.23019254,-1.10014e-05,-7.6208144e-06,0,0
8.680199,0.22926934,0.22893159,7.676425e-06,1.0869959e-05,0,0
8.700199,0.2282047,0.22787896,2.5699228e-05,2.8859027e-05,0,0
8.7202,0.22737263,0.22705619,4.2779095e-05,4.5934812e-05,0,0
8.7402,0.22679126,0.22647999,5.8741945e-05,6.174682e-05,0,0
8.7602005,0.22647229,0.2261615,7.339613e-05,7.608368e-05,0,0
8.780201,0.22642133,0.22610615,8.653266e-05,8.880802e-05,0,0
8.800201,0.22663887,0.22631411,9.7888515e-05,9.979254e-05,0,0
8.820202,0.22712143,0.22678114,0.00010708846,0.00010886197,0,0
8.840202,0.22786142,0.22749957,0.0001138477,0.00011572794,0,0
8.860203,0.22884701,0.22845858,0.00011811572,0.00012009109,0,0
8.880203,0.23006219,0.22964388,0.00011980712,0.00012181894,0,0
8.900204,0.23148578,0.23103687,0.000118730364,0.00012087416,0,0
8.920204,0.23309022,0.23261334,0.000114893075,0.00011718185,0,0
8.940205,0.23484185,0.2343421,0.000108532025,0.000110747074,0,0
8.960205,0.2367028,0.23618463,9.993671e-05,0.00010178071,0,0
8.980206,0.23863272,0.23809643,8.9396475e-05,9.064599e-05,0,0
9.000206,0.24059065,0.24003023,7.7105804e-05,7.775792e-05,0,0
9.020206,0.24253696,0.24193968,6.31067e-05,6.345744e-05,0,0
9.040207,0.24443427,0.24378279,4.743891e-05,4.7907808e-05,0,0
9.060207,0.2462469,0.24552384,3.0314744e-05,3.115194e-05,0,0
9.080208,0.2479403,0.2471335,1.2175563e-05,1.32938885e-05,0,0
9.100208,0.24948095,0.24858749,-6.3667185e-06,-5.3464064e-06,0,0
9.120209,0.25083646,0.2498649,-2.47114e-05,-2.4202769e-05,0,0
9.140209,0.25197703,0.25094682,-4.2411277e-05,-4.2599557e-05,0,0
9.16021,0.2528777,0.25181562,-5.9115697e-05,-5.994926e-05,0,0
9.18021,0.25351956,0.25245535,-7.4508884e-05,-7.5824224e-05,0,0
9.200211,0.2538899,0.25285262,-8.8323424e-05,-8.992213e-05,0,0
9.220211,0.2539827,0.25299707,-0.000100254016,-0.00010203089,0,0
9.2402115,0.2537986,0.2528823,-0.00010990987,-0.00011194782,0,0
9.260212,0.25334334,0.25250646,-0.000116883355,-0.000119398086,0,0
9.280212,0.25262675,0.25187227,-0.00012081317,-0.00012403981,0,0
9.300213,0.25166243,0.2509873,-0.00012148897,-0.00012552545,0,0
9.320213,0.25046724,0.24986383,-0.000118858065,-0.00012361494,0,0
9.340214,0.24906136,0.24851905,-0.00011291545,-0.00011824409,0,0
9.360214,0.24746941,0.24697514,-0.00010376398,-0.000109477085,0,0
9.380215,0.24572064,0.24525975,-9.1655784e-05,-9.749507e-05,0,0
9.400215,0.24384867,0.24340636,-7.690249e-05,-8.262059e-05,0,0
9.420216,0.24189095,0.24145411,-5.9915455e-05,-6.527331e-05,0,0
9.440216,0.23988767,0.23944667,-4.118733e-05,-4.5958845e-05,0,0
9.4602165,0.23787981,0.2374303,-2.1119075e-05,-2.525452e-05,0,0
9.480217,0.23590724,0.23545146,-5.2366858e-08,-3.688718e-06,0,0
9.500217,0.23400828,0.23355427,2.1555477e-05,1.8315804e-05,0,0
9.520218,0.2322197,0.23177893,4.3141354e-05,4.033824e-05,0,0
9.540218,0.23057666,0.23016116,6.418001e-05,6.187974e-05,0,0
9.560219,0.22911249,0.22873221,8.424054e-05,8.241824e-05,0,0
9.580219,0.22785763,0.22751892,0.000102904436,0.000101495556,0,0
9.60022,0.22683829,0.22654326,0.00011969524,0.00011871446,0,0
9.62022,0.22607574,0.22582173,0.00013415488,0.00013367154,0,0
9.640221,0.22558594,0.22536518,0.00014587368,0.00014595948,0,0
9.660221,0.22537869,0.22517908,0.00015437402,0.00015520002,0,0
9.680222,0.22545697,0.22526443,0.00015925622,0.00016099046,0,0
9.700222,0.2258173,0.22561842,0.00016049565,0.00016295593,0,0
9.720222,0.2264507,0.22623482,0.0001582642,0.00016098814,0,0
9.740223,0.2273429,0.22710395,0.00015260711,0.00015528225,0,0
9.760223,0.22847469,0.22821198,0.00014347424,0.00014609857,0,0
9.780224,0.22982278,0.22954011,0.00013079519,0.00013360448,0,0
9.800224,0.23136078,0.23106343,0.000114589166,0.00011785814,0,0
9.820225,0.2330593,0.23275097,9.518931e-05,9.890507e-05,0,0
9.840225,0.23488562,0.23456618,7.3208386e-05,7.700164e-05,0,0
9.860226,0.23680386,0.2364682,4.9237955e-05,5.2725863e-05,0,0
9.880226,0.23877549,0.23841362,2.368181e-05,2.6806212e-05,0,0
9.900227,0.24076028,0.24035875,-3.0492736e-06,-1.3599433e-07,0,0
9.920227,0.24271797,0.24226192,-3.0290623e-05,-2.7602839e-05,0,0
9.9402275,0.24460925,0.24408515,-5.725255e-05,-5.5014567e-05,0,0
9.960228,0.24639635,0.24579522,-8.3201245e-05,-8.164496e-05,0,0
9.980228,0.24804415,0.24736351,-0.00010742456,-0.00010673185,0,0
10.000229,0.2495207,0.24876544,-0.0001292644,-0.00012954192,0,0
10.020229,0.25079662,0.2499797,-0.00014816363,-0.00014941391,0,0
10.04023,0.25184482,0.2509875,-0.00016365068,-0.00016580184,0,0
10.06023,0.25264105,0.2517719,-0.0001753806,-0.00017828193,0,0
10.080231,0.2531652,0.2523175,-0.00018309218,-0.00018657012,0,0
10.100231,0.25340268,0.25261042,-0.00018654673,-0.00019050109,0,0
10.120232,0.25334558,0.252639,-0.00018563474,-0.00018996782,0,0
10.140232,0.25299302,0.2523942,-0.00018045487,-0.00018495174,0,0
10.160233,0.25235122,0.25187084,-0.00017118875,-0.00017560457,0,0
10.180233,0.2514336,0.2510688,-0.00015798192,-0.0001622176,0,0
10.200233,0.2502594,0.24999458,-0.0001410678,-0.00014510582,0,0
10.220234,0.24885222,0.24866284,-0.00012090292,-0.00012461375,0,0
10.240234,0.24723965,0.24709706,-9.806406e-05,-0.00010122867,0,0
10.260235,0.24545334,0.24532954,-7.312353e-05,-7.558865e-05,0,0
10.280235,0.24352886,0.24340057,-4.6593726e-05,-4.8382593e-05,0,0
10.300236,0.24150534,0.24135675,-1.8906043e-05,-2.0241552e-05,0,0
10.320236,0.23942508,0.23924865,9.4440475e-06,8.327776e-06,0,0
10.340237,0.23733255,0.23712829,3.7810365e-05,3.6867365e-05,0,0
10.360237,0.23527357,0.23504674,6.558484e-05,6.484014e-05,0,0
10.380238,0.23329388,0.23305252,9.228739e-05,9.167358e-05,0,0
10.400238,0.23143725,0.23119056,0.00011736183,0.00011686901,0,0
10.4202385,0.22974373,0.22950155,0.00014010364,0.00013993679,0,0
10.440239,0.22824824,0.22802113,0.00015991661,0.00016028501,0,0
10.460239,0.22698018,0.22677882,0.00017649884,0.00017732018,0,0
10.48024,0.22596404,0.22579679,0.00018970958,0.00019065813,0,0
10.50024,0.22521971,0.22508956,0.0001993864,0.00020016501,0,0
10.520241,0.2247628,0.2246645,0.0002052955,0.00020582206,0,0
10.540241,0.22460468,0.22452347,0.00020711617,0.00020758629,0,0
10.560242,0.22475174,0.224665,0.00020449798,0.0002053049,0,0
10.580242,0.22520375,0.225086,0.00019729063,0.00019872107,0,0
10.600243,0.2259528,0.22578233,0.00018564767,0.0001876492,0,0
10.620243,0.22698335,0.2267478,0.00016987964,0.00017216818,0,0
10.640244,0.22827317,0.22797182,0.00015044845,0.00015262612,0,0
10.660244,0.22979487,0.22943695,0.00012798104,0.00012959552,0,0
10.680244,0.23151727,0.23111686,0.00010300433,0.000103839055,0,0
10.700245,0.23340598,0.23297583,7.5934295e-05,7.611061e-05,0,0
10.720245,0.23542394,0.23496987,4.734548e-05,4.7015626e-05,0,0
10.740246,0.23753147,0.23704953,1.7921666e-05,1.7133698e-05,0,0
10.760246,0.23968573,0.23916346,-1.1683325e-05,-1.2896096e-05,0,0
10.780247,0.24184105,0.24126163,-4.0828054e-05,-4.2424857e-05,0,0
10.800247,0.24394985,0.2432978,-6.898527e-05,-7.0827045e-05,0,0
10.820248,0.24596444,0.24523066,-9.578604e-05,-9.7576536e-05,0,0
10.840248,0.24783944,0.24702394,-0.00012084599,-0.00012231423,0,0
10.860249,0.24953409,0.24864602,-0.00014372331,-0.00014476145,0,0
10.880249,0.25101325,0.25006944,-0.00016409325,-0.0001646184,0,0
10.9002495,0.25224754,0.2512704,-0.0001817797,-0.00018162269,0,0
10.92025,0.25321344,0.2522288,-0.00019658176,-0.00019562864,0,0
10.94025,0.25389272,0.2529279,-0.0002082424,-0.00020654016,0,0
10.960251,0.25427213,0.25335467,-0.00021660309,-0.0002142292,0,0
10.980251,0.2543434,0.25349957,-0.00022163839,-0.00021859143,0,0
11.000252,0.25410396,0.25335634,-0.00022330105,-0.00021962184,0,0
11.020252,0.2535585,0.25292203,-0.00022143,-0.00021735666,0,0
11.040253,0.25271946,0.25219762,-0.00021588066,-0.00021175946,0,0
11.060253,0.25160688,0.25118947,-0.00020663603,-0.00020273862,0,0
11.080254,0.2502476,0.24991108,-0.00019377063,-0.00019025423,0,0
11.100254,0.24867421,0.24838516,-0.00017744213,-0.00017436835,0,0
11.1202545,0.24692255,0.24664468,-0.0001578113,-0.00015525479,0,0
11.140255,0.24503018,0.24473213,-0.00013501903,-0.00013314193,0,0
11.160255,0.24303602,0.24269694,-0.00010941828,-0.00010825446,0,0
11.180256,0.24097978,0.24059188,-8.153746e-05,-8.0931495e-05,0,0
11.200256,0.2389021,0.23846945,-5.182445e-05,-5.169251e-05,0,0
11.220257,0.23684506,0.23637916,-2.0793768e-05,-2.1090282e-05,0,0
11.240257,0.23485188,0.2343664,1.0852798e-05,1.0309078e-05,0,0
11.260258,0.23296572,0.23247261,4.2451033e-05,4.183534e-05,0,0
11.280258,0.23122795,0.23073584,7.339491e-05,7.279012e-05,0,0
11.300259,0.22967659,0.22919092,0.0001029581,0.00010252547,0,0
11.320259,0.22834495,0.22786908,0.00013037886,0.00013036375,0,0
11.34026,0.22726066,0.2267967,0.00015508918,0.0001555817,0,0
11.36026,0.22644547,0.2259941,0.00017672141,0.00017755861,0,0
11.38026,0.22591548,0.22547469,0.00019499281,0.00019588589,0,0
11.400261,0.2256815,0.22524531,0.00020971755,0.00021033832,0,0
11.420261,0.22574948,0.22530733,0.0002207639,0.00022083521,0,0
11.440262,0.22611983,0.2256583,0.00022792924,0.00022738578,0,0
11.460262,0.22678666,0.22629301,0.00023098689,0.00022997428,0,0
11.480263,0.22773732,0.2272035,0.00022982164,0.00022851948,0,0
11.500263,0.2289525,0.22837779,0.00022446278,0.00022295675,0,0
11.520264,0.23040636,0.22979786,0.00021504982,0.00021332836,0,0
11.540264,0.2320673,0.23143744,0.00020180013,0.00019981049,0,0
11.560265,0.2338991,0.23326087,0.00018497882,0.00018269218,0,0
11.580265,0.23586157,0.23522344,0.00016483,0.00016233357,0,0
11.6002655,0.23791187,0.23727398,0.00014161067,0.00013909457,0,0
11.620266,0.24000639,0.2393585,0.00011570032,0.00011331433,0,0
11.640266,0.24210162,0.24142484,8.752217e-05,8.5383355e-05,0,0
11.660267,0.24415402,0.24342616,5.746528e-05,5.5746474e-05,0,0
11.680267,0.24612068,0.24532254,2.5991476e-05,2.4839275e-05,0,0
11.700268,0.24796048,0.24708062,-6.366669e-06,-6.884916e-06,0,0
11.720268,0.24963437,0.24867246,-3.9096558e-05,-3.8924965e-05,0,0
11.740269,0.25110596,0.25007385,-7.166653e-05,-7.077265e-05,0,0
11.760269,0.2523434,0.25126305,-0.00010345608,-0.00010191862,0,0
11.78027,0.25332066,0.25222045,-0.00013371916,-0.00013180108,0,0
11.80027,0.2540182,0.25292885,-0.00016159474,-0.00015974612,0,0
11.820271,0.2544224,0.25337416,-0.00018623476,-0.0001849467,0,0
11.840271,0.2545255,0.25354576,-0.00020691995,-0.00020654539,0,0
11.860271,0.25432512,0.2534368,-0.00022306797,-0.000223771,0,0
11.880272,0.25382438,0.25304404,-0.00023425232,-0.00023601817,0,0
11.900272,0.25303236,0.252368,-0.00024017722,-0.00024288247,0,0
11.920273,0.25196373,0.2514136,-0.00024060423,-0.00024414473,0,0
11.940273,0.2506387,0.25019115,-0.00023542251,-0.0002397004,0,0
11.960274,0.2490829,0.24871774,-0.0002246832,-0.00022955418,0,0
11.980274,0.24732687,0.24701853,-0.00020849556,-0.00021385243,0,0
12.000275,0.24540544,0.24512754,-0.00018710828,-0.00019284201,0,0
12.020275,0.24335691,0.24308707,-0.00016101816,-0.00016688858,0,0
12.040276,0.24122216,0.24094597,-0.00013088644,-0.00013656821,0,0
12.060276,0.23904385,0.23875666,-9.749338e-05,-0.00010266479,0,0
12.0802765,0.23686533,0.23657192,-6.1683044e-05,-6.611071e-05,0,0
12.100277,0.23472956,0.23444213,-2.4262235e-05,-2.7900536e-05,0,0
12.120277,0.23267795,0.23241344,1.3945119e-05,1.10257615e-05,0,0
12.140278,0.23074986,0.23052703,5.2044266e-05,4.980386e-05,0,0
12.160278,0.22898288,0.22881912,8.913769e-05,8.758918e-05,0,0
12.180279,0.22741234,0.2273212,0.0001244047,0.00012354543,0,0
12.200279,0.22607021,0.22605973,0.00015713068,0.0001568875,0,0
12.22028,0.22498387,0.22505546,0.00018669572,0.0001869276,0,0
12.24028,0.22417518,0.22432254,0.00021260462,0.00021309289,0,0
12.260281,0.22365957,0.2238686,0.00023447601,0.00023494792,0,0
12.280281,0.22344586,0.22369543,0.0002519191,0.00025220052,0,0
12.300282,0.22353663,0.2238006,0.00026447998,0.0002646204,0,0
12.320282,0.22392842,0.22417901,0.00027166633,0.00027194503,0,0
12.340282,0.22461252,0.22482398,0.00027306515,0.0002738407,0,0
12.360283,0.22557567,0.22572742,0.00026858537,0.00026996768,0,0
12.380283,0.22680025,0.22687916,0.0002584903,0.00026018923,0,0
12.400284,0.22826381,0.22826539,0.00024312087,0.00024472858,0,0
12.420284,0.22993892,0.22986664,0.00022269005,0.00022406178,0,0
12.440285,0.2317935,0.23165578,0.00019740929,0.00019867261,0,0
12.460285,0.23379114,0.23359708,0.00016770844,0.00016897917,0,0
12.480286,0.2358918,0.2356469,0.00013413405,0.00013547458,0,0
12.500286,0.2380529,0.23775607,9.7197175e-05,9.8771874e-05,0,0
12.520287,0.24023107,0.23987362,5.7586538e-05,5.9505397e-05,0,0
12.540287,0.24238347,0.24195072,1.6273618e-05,1.8389126e-05,0,0
12.560287,0.24446838,0.24394402,-2.5742303e-05,-2.3659677e-05,0,0
12.580288,0.2464458,0.2458169,-6.754417e-05,-6.561551e-05,0,0
12.600288,0.24827772,0.24753907,-0.0001081824,-0.00010649809,0,0
12.620289,0.24992865,0.24908525,-0.00014666884,-0.00014537525,0,0
12.640289,0.2513664,0.2504335,-0.0001820764,-0.0001813241,0,0
12.66029,0.2525625,0.2515643,-0.00021365247,-0.00021346337,0,0
12.68029,0.25349215,0.25246006,-0.00024089802,-0.00024105316,0,0
12.700291,0.25413567,0.25310513,-0.0002634351,-0.00026360477,0,0
12.720291,0.25448018,0.25348607,-0.00028077335,-0.0002808486,0,0
12.740292,0.25452,0.25359243,-0.00029237717,-0.00029254056,0,0
12.760292,0.2542567,0.25341752,-0.0002979023,-0.00029837174,0,0
12.7802925,0.25369874,0.25295895,-0.0002973134,-0.0002980853,0,0
12.800293,0.25286016,0.25221968,-0.0002908988,-0.00029164331,0,0
12.820293,0.25175944,0.25120848,-0.0002790723,-0.00027933536,0,0
12.840294,0.25041938,0.2499407,-0.00026211495,-0.00026169914,0,0
12.860294,0.24886729,0.2484385,-0.00024026504,-0.00023927972,0,0
12.880295,0.24713461,0.24673152,-0.00021391819,-0.00021253136,0,0
12.900295,0.24525706,0.24485667,-0.00018361755,-0.00018192525,0,0
12.920296,0.24327429,0.24285741,-0.00014995849,-0.00014804016,0,0
12.940296,0.24122831,0.24078213,-0.00011358609,-0.00011154171,0,0
12.960297,0.23916139,0.23868167,-7.523865e-05,-7.3143354e-05,0,0
12.980297,0.237115,0.2366062,-3.5590943e-05,-3.360518e-05,0,0
13.000298,0.23512954,0.23460254,4.883344e-06,6.3593247e-06,0,0
13.020298,0.2332435,0.23271294,4.559132e-05,4.6226316e-05,0,0
13.040298,0.2314932,0.23097464,8.556987e-05,8.5523265e-05,0,0
13.060299,0.22991322,0.22942021,0.00012375702,0.000123539,0,0
13.080299,0.2285357,0.22807778,0.00015924496,0.00015931997,0,0
13.1003,0.2273891,0.2269712,0.00019129984,0.00019188634,0,0
13.1203,0.22649789,0.22611926,0.00021941145,0.0002204014,0,0
13.140301,0.22588165,0.22553557,0.00024319874,0.00024428364,0,0
13.160301,0.22555365,0.22522844,0.00026215357,0.0002631929,0,0
13.180302,0.22552033,0.22520153,0.00027568633,0.00027683057,0,0
13.200302,0.22578181,0.22545442,0.00028338374,0.00028482472,0,0
13.220303,0.22633204,0.22598317,0.00028495956,0.00028684415,0,0
13.240303,0.22715887,0.22678044,0.00028012297,0.000282666,0,0
13.2603035,0.22824545,0.22783488,0.00026876866,0.00027211642,0,0
13.280304,0.22957085,0.22913001,0.00025118,0.00025513902,0,0
13.300304,0.23110965,0.23064342,0.00022795127,0.00023198922,0,0
13.320305,0.23283157,0.23234576,0.00019980554,0.0002033133,0,0
13.340305,0.23470145,0.23420042,0.00016755934,0.00017004211,0,0
13.360306,0.23667932,0.23616411,0.00013215787,0.00013326117,0,0
13.380306,0.23872204,0.23818861,9.451698e-05,9.4145034e-05,0,0
13.400307,0.24078558,0.2402239,5.537747e-05,5.3822212e-05,0,0
13.420307,0.24282613,0.2422218,1.5431722e-05,1.32018495e-05,0,0
13.440308,0.24480113,0.24413888,-2.457477e-05,-2.7018828e-05,0,0
13.460308,0.2466705,0.24593793,-6.3821855e-05,-6.62298e-05,0,0
13.480309,0.24839701,0.2475879,-0.00010131025,-0.00010379403,0,0
13.500309,0.2499462,0.24906303,-0.00013593351,-0.00013891666,0,0
13.520309,0.2512867,0.2503414,-0.00016679912,-0.0001706258,0,0
13.54031,0.2523905,0.25140384,-0.00019336214,-0.00019799442,0,0
13.56031,0.25323334,0.25223342,-0.00021528194,-0.00022038244,0,0
13.580311,0.25379592,0.25281504,-0.00023237917,-0.00023746767,0,0
13.600311,0.25406554,0.25313583,-0.000244658,-0.00024918828,0,0
13.620312,0.2540366,0.25318557,-0.00025212244,-0.00025570297,0,0
13.640312,0.25371075,0.25295755,-0.00025470686,-0.0002572509,0,0
13.660313,0.25309646,0.25244933,-0.00025241062,-0.00025401535,0,0
13.680313,0.25220817,0.25166374,-0.00024526461,-0.00024614218,0,0
13.700314,0.25106537,0.25060993,-0.00023329142,-0.00023375975,0,0
13.720314,0.2496922,0.24930404,-0.00021662693,-0.00021697064,0,0
13.7403145,0.24811724,0.24777007,-0.00019553394,-0.00019592597,0,0
13.760315,0.24637261,0.24603999,-0.00017038605,-0.00017089097,0,0
13.780315,0.24449363,0.24415305,-0.0001417521,-0.00014226811,0,0
13.800316,0.24251868,0.24215429,-0.00011037772,-0.00011065009,0,0
13.820316,0.24048834,0.24009223,-7.693624e-05,-7.683086e-05,0,0
13.840317,0.23844491,0.23801649,-4.179193e-05,-4.1631196e-05,0,0
13.860317,0.23643228,0.23597555,-5.144903e-06,-5.6215854e-06,0,0
13.880318,0.23449418,0.2340155,3.2624463e-05,3.0932344e-05,0,0
13.900318,0.2326715,0.23217916,7.087005e-05,6.78185e-05,0,0
13.920319,0.2310012,0.23050535,0.000108713306,0.00010462905,0,0
13.940319,0.22951603,0.22902794,0.0001450392,0.00014065474,0,0
13.9603195,0.22824425,0.22777534,0.00017871492,0.00017486255,0,0
13.98032,0.22721013,0.22676967,0.00020884875,0.00020605087,0,0
14.00032,0.22643456,0.2260266,0.00023471775,0.00023313546,0,0
14.020321,0.22593376,0.22555578,0.0002557144,0.00025527526,0,0
14.040321,0.22571768,0.22536168,0.00027150265,0.00027186857,0,0
14.060322,0.22578984,0.2254444,0.00028191818,0.00028261438,0,0
14.080322,0.22614703,0.22580045,0.00028677826,0.000287478,0,0
14.100323,0.22677849,0.22642301,0.00028595375,0.00028652456,0,0
14.120323,0.22766721,0.22730128,0.00027930475,0.0002798466,0,0
14.140324,0.228792,0.22841951,0.0002665839,0.00026750015,0,0
14.160324,0.23012811,0.2297562,0.00024770756,0.00024941727,0,0
14.180325,0.23164712,0.23128372,0.00022294189,0.00022553888,0,0
14.200325,0.23331723,0.23296827,0.00019282755,0.0001960597,0,0
14.220325,0.2351041,0.23477061,0.00015815467,0.0001615306,0,0
14.240326,0.23697089,0.23664778,0.00011990522,0.00012285645,0,0
14.260326,0.23887862,0.23855543,7.9099074e-05,8.121454e-05,0,0
14.280327,0.24078748,0.24045002,3.6666657e-05,3.7870686e-05,0,0
14.300327,0.2426576,0.24229105,-6.6310604e-06,-6.023286e-06,0,0
14.320328,0.24444944,0.24404217,-5.0190094e-05,-4.9575774e-05,0,0
14.340328,0.24612506,0.24567157,-9.339527e-05,-9.2182076e-05,0,0
14.360329,0.24764968,0.24715143,-0.0001354164,-0.00013338005,0,0
14.380329,0.24899225,0.24845748,-0.0001752811,-0.00017259896,0,0
14.40033,0.2501259,0.24956843,-0.00021204361,-0.00020906204,0,0
14.42033,0.2510288,0.25046584,-0.0002446715,-0.00024188394,0,0
14.4403305,0.2516839,0.25113407,-0.00027207588,-0.0002700955,0,0
14.460331,0.25207838,0.2515605,-0.0002934632,-0.0002926756,0,0
14.480331,0.25220403,0.25173563,-0.00030838186,-0.00030878684,0,0
14.500332,0.2520577,0.25165305,-0.00031652325,-0.00031794488,0,0
14.520332,0.251642,0.25130972,-0.0003177461,-0.00031995165,0,0
14.540333,0.25096577,0.25070655,-0.00031213407,-0.00031482035,0,0
14.560333,0.2500445,0.24984935,-0.00029983188,-0.00030276735,0,0
14.580334,0.24889925,0.24875015,-0.00028091302,-0.00028411945,0,0
14.600334,0.24755602,0.24742843,-0.00025547377,-0.00025917502,0,0
14.620335,0.24604496,0.24591161,-0.00022369805,-0.00022819165,0,0
14.640335,0.24439876,0.24423479,-0.00018593048,-0.0001914542,0,0
14.660336,0.24265113,0.24243918,-0.00014300908,-0.00014937953,0,0
14.680336,0.24083686,0.24056941,-9.628394e-05,-0.00010278242,0,0
14.700336,0.23899186,0.2386708,-4.7089165e-05,-5.3022777e-05,0,0
14.720337,0.23715292,0.23678714,3.4578807e-06,-1.6767968e-06,0,0
14.740337,0.2353575,0.23495956,5.4255124e-05,4.9853497e-05,0,0
14.760338,0.23364307,0.23322597,0.00010424575,0.00010039538,0,0
14.780338,0.2320458,0.23162128,0.00015248178,0.00014895042,0,0
14.800339,0.23059943,0.23017731,0.00019802451,0.00019465436,0,0
14.820339,0.22933464,0.22892244,0.00024000007,0.0002366855,0,0
14.84034,0.22827753,0.22788103,0.0002776472,0.00027425066,0,0
14.86034,0.22744896,0.22707246,0.00031011988,0.00030664023,0,0
14.880341,0.2268645,0.22651038,0.00033640486,0.0003331614,0,0
14.900341,0.22653466,0.2262025,0.00035551182,0.00035304046,0,0
14.9203415,0.22646545,0.22615115,0.00036666993,0.00036547473,0,0
14.940342,0.22665878,0.2263544,0.00036946207,0.00036978617,0,0
14.960342,0.22711222,0.22680725,0.0003638661,0.00036557703,0,0
14.980343,0.22781818,0.22750238,0.0003501611,0.00035282443,0,0
15.000343,0.22876367,0.22842993,0.00032877218,0.00033186658,0,0
15.020344,0.22992998,0.22957644,0.00030008113,0.00030329564,0,0
15.040344,0.2312924,0.23092327,0.00026434392,0.00026777596,0,0
15.060345,0.2328216,0.232445,0.00022186946,0.00022588552,0,0
15.080345,0.23448566,0.23410895,0.00017329532,0.0001781562,0,0
15.100346,0.23625106,0.23587638,0.00011968775,0.00012531091,0,0
15.120346,0.2380829,0.2377051,6.231253e-05,6.8465226e-05,0,0
15.140347,0.23994528,0.23955227,2.428897e-06,9.030577e-06,0,0
15.160347,0.24180162,0.24137715,-5.854323e-05,-5.1549607e-05,0,0
15.180347,0.24361433,0.24314258,-0.00011898009,-0.00011184288,0,0
15.200348,0.24534531,0.24481557,-0.0001773548,-0.00017034469,0,0
15.220348,0.24695784,0.2463669,-0.00023235679,-0.00022557036,0,0
15.240349,0.24841784,0.24777041,-0.0002828738,-0.000276185,0,0
15.260349,0.24969478,0.24900271,-0.0003279999,-0.0003210712,0,0
15.28035,0.25076312,0.2500429,-0.0003668332,-0.0003593754,0,0
15.30035,0.2516027,0.25087273,-0.0003983443,-0.0003904242,0,0
15.320351,0.25219795,0.25147718,-0.00042162146,-0.00041358592,0,0
15.340351,0.25253782,0.25184453,-0.00043597416,-0.0004283163,0,0
15.360352,0.25261676,0.25196654,-0.00044074567,-0.00043422804,0,0
15.380352,0.25243458,0.25183862,-0.00043552805,-0.00043097534,0,0
15.4003525,0.25199595,0.2514602,-0.00042061557,-0.0004182591,0,0
15.420353,0.2513106,0.2508349,-0.0003967693,-0.00039612476,0,0
15.440353,0.25039342,0.24997097,-0.0003647184,-0.00036509862,0,0
15.460354,0.2492643,0.24888179,-0.00032521374,-0.00032599704,0,0
15.480354,0.24794781,0.24758668,-0.00027913274,-0.0002798166,0,0
15.500355,0.24647327,0.24611144,-0.0002273038,-0.0002277422,0,0
15.520355,0.24487327,0.24448851,-0.00017054369,-0.00017101908,0,0
15.540356,0.24318199,0.24275622,-0.000109856584,-0.00011083263,0,0
15.560356,0.24143423,0.24095675,-4.637894e-05,-4.833683e-05,0,0
15.580357,0.23966467,0.23913361,1.8700606e-05,1.5349917e-05,0,0
15.600357,0.23790751,0.23732895,8.392728e-05,7.9177065e-05,0,0
15.6203575,0.23619644,0.23558198,0.0001475581,0.00014199517,0,0
15.640358,0.23456492,0.23392813,0.00020796408,0.00020236846,0,0
15.660358,0.23304589,0.23239923,0.00026378225,0.00025869362,0,0
15.680359,0.23167089,0.23102398,0.00031381674,0.00030942544,0,0
15.700359,0.23046865,0.22982827,0.00035717513,0.00035320903,0,0
15.72036,0.22946393,0.22883476,0.0003932869,0.0003890621,0,0
15.74036,0.22867666,0.2280622,0.00042162748,0.0004164941,0,0
15.760361,0.22812131,0.22752446,0.00044157272,0.00043535905,0,0
15.780361,0.2278068,0.22723016,0.00045246258,0.00044560037,0,0
15.800362,0.22773714,0.22718242,0.000453747,0.00044708786,0,0
15.820362,0.22791198,0.22737943,0.00044517024,0.000439598,0,0
15.840363,0.22832686,0.22781517,0.0004269035,0.0004229256,0,0
15.860363,0.22897343,0.22848012,0.0003994853,0.0003970687,0,0
15.880363,0.2298394,0.22936165,0.00036365358,0.00036236437,0,0
15.900364,0.23090774,0.23044384,0.00032038052,0.00031950924,0,0
15.920364,0.23215674,0.23170678,0.00027094354,0.00026959964,0,0
15.940365,0.2335606,0.23312582,0.00021669122,0.00021418177,0,0
15.960365,0.23509009,0.23467119,0.0001588038,0.00015506276,0,0
15.980366,0.23671283,0.23630859,9.833439e-05,9.393547e-05,0,0
16.000366,0.23839428,0.23800044,3.6377976e-05,3.2149088e-05,0,0
16.020367,0.24009904,0.23970778,-2.5811876e-05,-2.9242483e-05,0,0
16.040367,0.24179201,0.24139243,-8.6827975e-05,-8.927759e-05,0,0
16.060368,0.24343902,0.24301894,-0.00014518842,-0.0001469082,0,0
16.080368,0.24500728,0.24455586,-0.00019949902,-0.00020093114,0,0
16.100368,0.24646531,0.2459759,-0.000248647,-0.00025007024,0,0
16.120369,0.24778333,0.24725553,-0.0002917595,-0.00029318142,0,0
16.14037,0.24893363,0.24837416,-0.00032809353,-0.0003293765,0,0
16.16037,0.24989097,0.2493134,-0.0003571446,-0.0003580206,0,0
16.18037,0.25063372,0.25005656,-0.0003786487,-0.000378771,0,0
16.20037,0.25114504,0.25058874,-0.0003923873,-0.00039158273,0,0
16.220371,0.2514141,0.25089723,-0.00039820315,-0.00039656338,0,0
16.240372,0.251436,0.25097227,-0.00039608034,-0.000393861,0,0
16.260372,0.25121137,0.25080812,-0.00038598286,-0.00038364925,0,0
16.280373,0.25074592,0.2504034,-0.00036782157,-0.00036604377,0,0
16.300373,0.25004965,0.24976182,-0.000341745,-0.0003410407,0,0
16.320374,0.24913646,0.24889228,-0.00030833817,-0.00030869414,0,0
16.340374,0.24802427,0.24780911,-0.00026856366,-0.00026941643,0,0
16.360374,0.24673522,0.24653208,-0.00022359136,-0.00022414302,0,0
16.380375,0.24529545,0.24508664,-0.00017463295,-0.00017426028,0,0
16.400375,0.24373476,0.24350366,-0.00012283058,-0.00012135638,0,0
16.420376,0.24208611,0.24181885,-6.916758e-05,-6.693636e-05,0,0
16.440376,0.24038489,0.2400716,-1.4531199e-05,-1.2204158e-05,0,0
16.460377,0.23866726,0.23830344,4.0105184e-05,4.1962536e-05,0,0
16.480377,0.23696895,0.23655616,9.368976e-05,9.482536e-05,0,0
16.500378,0.23532438,0.23486973,0.00014511835,0.00014561623,0,0
16.520378,0.23376599,0.23328099,0.0001931686,0.0001934494,0,0
16.540379,0.23232341,0.23182267,0.00023660621,0.00023725205,0,0
16.560379,0.2310233,0.23052289,0.0002742886,0.00027582195,0,0
16.58038,0.22988991,0.22940487,0.0003052788,0.000307974,0,0
16.60038,0.22894536,0.22848704,0.00032912806,0.00033272122,0,0
16.62038,0.22820888,0.22778349,0.00034584056,0.000349542,0,0
16.64038,0.22769557,0.22730413,0.0003555408,0.00035848585,0,0
16.660381,0.22741538,0.2270551,0.00035838137,0.00035996703,0,0
16.680382,0.22737251,0.22703874,0.00035450983,0.00035452368,0,0
16.700382,0.22756499,0.22725365,0.00034393882,0.00034265587,0,0
16.720383,0.22798572,0.22769442,0.00032665877,0.00032467788,0,0
16.740383,0.22862348,0.22835167,0.0003029324,0.0003007266,0,0
16.760384,0.22946373,0.229212,0.00027333494,0.00027100375,0,0
16.780384,0.23048949,0.2302582,0.00023858105,0.00023599231,0,0
16.800385,0.23168162,0.23146953,0.00019949819,0.00019645713,0,0
16.820385,0.23301826,0.23282208,0.00015699475,0.00015337222,0,0
16.840385,0.23447423,0.23428907,0.000111857444,0.00010782469,0,0
16.860386,0.23602092,0.23584093,6.479255e-05,6.0809565e-05,0,0
16.880386,0.23762713,0.23744574,1.669486e-05,1.3133952e-05,0,0
16.900387,0.23926008,0.23906995,-3.142654e-05,-3.442396e-05,0,0
16.920387,0.24088624,0.24067979,-7.876908e-05,-8.101875e-05,0,0
16.940388,0.24247244,0.24224257,-0.00012466028,-0.0001258913,0,0
16.960388,0.24398729,0.24372788,-0.00016822363,-0.00016842583,0,0
16.980389,0.24540211,0.2451084,-0.00020844655,-0.0002079411,0,0
17.00039,0.24669039,0.2463605,-0.00024435704,-0.00024358837,0,0
17.02039,0.24782787,0.24746393,-0.0002749052,-0.0002744457,0,0
17.04039,0.24879278,0.24840136,-0.0002991694,-0.00029953913,0,0
17.06039,0.24956599,0.24915789,-0.00031674898,-0.00031797547,0,0
17.08039,0.2501313,0.24972075,-0.00032750212,-0.00032925818,0,0
17.100391,0.25047642,0.2500791,-0.00033122115,-0.00033329846,0,0
17.120392,0.25059384,0.25022417,-0.0003278991,-0.00033015062,0,0
17.140392,0.2504818,0.25014985,-0.00031780015,-0.00031998305,0,0
17.160393,0.25014478,0.2498535,-0.00030113064,-0.0003031501,0,0
17.180393,0.24959268,0.24933712,-0.0002781262,-0.00028005376,0,0
17.200394,0.24883999,0.24860813,-0.00024936232,-0.0002510966,0,0
17.220394,0.2479046,0.24767989,-0.00021557407,-0.00021688153,0,0
17.240395,0.24680655,0.24657167,-0.00017742756,-0.00017824561,0,0
17.260395,0.24556747,0.24530768,-0.00013572311,-0.0001360869,0,0
17.280396,0.24421096,0.24391592,-9.1553076e-05,-9.135076e-05,0,0
17.300396,0.24276298,0.24242681,-4.6162684e-05,-4.5140783e-05,0,0
17.320396,0.24125211,0.24087256,-7.133028e-07,1.2969317e-06,0,0
17.340397,0.23970933,0.23928636,4.3916105e-05,4.675094e-05,0,0
17.360397,0.23816715,0.23770212,8.71636e-05,9.0265814e-05,0,0
17.380398,0.23665759,0.2361538,0.00012862054,0.00013125685,0,0
17.400398,0.23521069,0.23467447,0.00016772156,0.00016942387,0,0
17.420399,0.23385365,0.23329498,0.00020361533,0.00020446902,0,0
17.4404,0.23261079,0.23204273,0.00023545974,0.00023583966,0,0
17.4604,0.23150428,0.23094101,0.0002625433,0.0002628002,0,0
17.4804,0.23055466,0.23000877,0.0002841086,0.00028462216,0,0
17.5004,0.22978067,0.22926094,0.000299517,0.00030060316,0,0
17.520401,0.22919875,0.22870894,0.00030839888,0.00031014363,0,0
17.540401,0.22882225,0.22836106,0.00031044037,0.00031287927,0,0
17.560402,0.22866063,0.22822277,0.0003054393,0.00030861268,0,0
17.580402,0.22871873,0.22829697,0.0002934664,0.00029726842,0,0
17.600403,0.22899665,0.22858372,0.00027466868,0.0002789756,0,0
17.620403,0.22949006,0.22908017,0.0002492189,0.0002540158,0,0
17.640404,0.23019014,0.22978,0.00021747622,0.00022274422,0,0
17.660404,0.23108438,0.23067303,0.00017985879,0.00018565264,0,0
17.680405,0.23215735,0.2317447,0.00013680014,0.00014334201,0,0
17.700405,0.23339075,0.23297615,8.909572e-05,9.645588e-05,0,0
17.720406,0.23476355,0.23434433,3.8056012e-05,4.5851913e-05,0,0
17.740406,0.23625223,0.2358226,-1.4710705e-05,-7.188715e-06,0,0
17.760406,0.23783045,0.23738153,-6.755651e-05,-6.1015042e-05,0,0
17.780407,0.23946843,0.23898983,-0.00011901931,-0.00011385492,0,0
17.800407,0.24113359,0.2406151,-0.00016787525,-0.00016409866,0,0
17.820408,0.24279197,0.2422246,-0.00021304376,-0.00021044524,0,0
17.840408,0.24440973,0.24378638,-0.00025356936,-0.00025186568,0,0
17.860409,0.24595395,0.24527027,-0.00028859745,-0.00028753481,0,0
17.88041,0.24739395,0.24664865,-0.00031736062,-0.00031677977,0,0
17.90041,0.24870177,0.24789701,-0.00033918137,-0.00033905133,0,0
17.92041,0.24985184,0.24899398,-0.0003533815,-0.0003539103,0,0
17.94041,0.25082093,0.24992117,-0.0003594229,-0.00036095452,0,0
17.960411,0.25158834,0.25066283,-0.0003571515,-0.00035983775,0,0
17.980412,0.25213587,0.2512055,-0.00034663817,-0.00035043148,0,0
18.000412,0.25244868,0.25153765,-0.00032806423,-0.00033284203,0,0
18.020412,0.25251633,0.25164947,-0.0003019611,-0.00030734122,0,0
18.040413,0.2523339,0.25153318,-0.00026919524,-0.00027449024,0,0
18.060413,0.2519022,0.2511835,-0.00023062827,-0.00023524583,0,0
18.080414,0.25122792,0.25059852,-0.00018692907,-0.00019078853,0,0
18.100414,0.25032344,0.24978073,-0.00013858383,-0.0001422265,0,0
18.120415,0.24920608,0.24873833,-8.605773e-05,-9.0400456e-05,0,0
18.140415,0.24789704,0.24748611,-3.0123156e-05,-3.590493e-05,0,0
18.160416,0.2464208,0.24604589,2.8040047e-05,2.0641279e-05,0,0
18.180416,0.24480441,0.24444608,8.71318e-05,7.83386e-05,0,0
18.200417,0.24307767,0.2427207,0.0001458661,0.00013604604,0,0
18.220417,0.24127322,0.24090774,0.00020287234,0.00019250887,0,0
18.240417,0.23942599,0.23904777,0.0002567847,0.00024636017,0,0
18.260418,0.23757222,0.23718219,0.0003063875,0.0002961609,0,0
18.280418,0.235749,0.23535188,0.0003505595,0.00034054887,0,0
18.300419,0.2339934,0.23359606,0.00038817423,0.00037834243,0,0
18.32042,0.23234122,0.23195153,0.00041816823,0.00040855125,0,0
18.34042,0.2308262,0.23045221,0.00043970364,0.00043039423,0,0
18.36042,0.2294791,0.22912839,0.00045207873,0.0004433607,0,0
18.38042,0.22832674,0.22800614,0.00045458946,0.0004471359,0,0
18.400421,0.22739176,0.22710635,0.00044679033,0.00044140784,0,0
18.420422,0.22669289,0.22644413,0.00042868033,0.00042587024,0,0
18.440422,0.22624438,0.226029,0.00040055276,0.00040038742,0,0
18.460423,0.22605558,0.22586551,0.00036310442,0.00036508305,0,0
18.480423,0.2261309,0.22595419,0.0003175438,0.00032051644,0,0
18.500423,0.22646943,0.22629245,0.00026514372,0.00026791735,0,0
18.520424,0.22706419,0.22687513,0.00020698906,0.00020901125,0,0
18.540424,0.22790225,0.22769412,0.00014432862,0.0001455938,0,0
18.560425,0.22896568,0.22873731,7.8623285e-05,7.940454e-05,0,0
18.580425,0.23023222,0.22998749,1.1282167e-05,1.2108465e-05,0,0
18.600426,0.23167549,0.23142146,-5.6185494e-05,-5.4849876e-05,0,0
18.620426,0.23326533,0.23300965,-0.00012208692,-0.00012017825,0,0
18.640427,0.23496842,0.23471649,-0.00018487182,-0.00018253837,0,0
18.660427,0.23674916,0.2365018,-0.00024319193,-0.00024057797,0,0
18.680428,0.2385706,0.23832296,-0.00029574815,-0.00029301585,0,0
18.700428,0.24039567,0.2401377,-0.0003413969,-0.00033863573,0,0
18.720428,0.24218734,0.2419064,-0.00037932274,-0.00037637944,0,0
18.740429,0.24390867,0.24359368,-0.00040896115,-0.000405534,0,0
18.76043,0.2455236,0.24516858,-0.0004298142,-0.00042577798,0,0
18.78043,0.24699834,0.24660397,-0.0004415981,-0.00043703086,0,0
18.80043,0.24830219,0.24787597,-0.00044440848,-0.00043938175,0,0
18.82043,0.24940851,0.2489634,-0.00043835057,-0.00043312667,0,0
18.840431,0.25029597,0.24984758,-0.0004234095,-0.00041859204,0,0
18.860432,0.25094882,0.25051263,-0.00039983948,-0.00039594446,0,0
18.880432,0.25135624,0.25094602,-0.00036812708,-0.00036534626,0,0
18.900433,0.25151175,0.25113884,-0.00032883615,-0.00032713407,0,0
18.920433,0.25141278,0.25108597,-0.00028288772,-0.00028186443,0,0
18.940434,0.25106105,0.25078583,-0.00023152387,-0.00023050087,0,0
18.960434,0.25046352,0.25024053,-0.00017595555,-0.00017448075,0,0
18.980434,0.24963291,0.24945635,-0.000117438045,-0.00011542655,0,0
19.000435,0.2485879,0.24844447,-5.744559e-05,-5.4913246e-05,0,0
19.020435,0.24735273,0.24722242,2.5514978e-06,5.5444966e-06,0,0
19.040436,0.24595614,0.2458148,6.129446e-05,6.456408e-05,0,0
19.060436,0.24442981,0.24425352,0.00011764196,0.00012100174,0,0
19.080437,0.2428065,0.24257663,0.00017052637,0.00017389309,0,0
19.100437,0.2411191,0.24082606,0.00021902833,0.00022234129,0,0
19.120438,0.23940074,0.23904468,0.00026227496,0.00026550615,0,0
19.140438,0.23768494,0.23727392,0.0002992715,0.00030258743,0,0
19.160439,0.23600575,0.23555239,0.00032904642,0.00033274546,0,0
19.180439,0.234398,0.23391543,0.00035102115,0.0003551534,0,0
19.20044,0.23289649,0.23239553,0.00036508197,0.00036926274,0,0
19.22044,0.23153453,0.23102267,0.00037134343,0.00037499634,0,0
19.24044,0.2303424,0.22982447,0.0003701101,0.00037266404,0,0
19.26044,0.2293466,0.22882539,0.00036188847,0.000362829,0,0
19.280441,0.22856848,0.22804601,0.00034711347,0.00034623433,0,0
19.300442,0.22802371,0.22750199,0.00032605874,0.00032361355,0,0
19.320442,0.22772294,0.22720344,0.0002991285,0.0002955207,0,0
19.340443,0.2276727,0.22715507,0.000266949,0.00026244394,0,0
19.360443,0.22787498,0.22735694,0.00023016216,0.00022499305,0,0
19.380444,0.228327,0.22780521,0.00018938715,0.00018388081,0,0
19.400444,0.22902131,0.22849265,0.00014538608,0.00013983958,0,0
19.420444,0.22994521,0.22940844,9.91368e-05,9.36648e-05,0,0
19.440445,0.23108016,0.23053758,5.1760264e-05,4.629709e-05,0,0
19.460445,0.2324015,0.23185956,4.3317323e-06,-1.1829218e-06,0,0
19.480446,0.23387925,0.23334725,-4.2306325e-05,-4.769644e-05,0,0
19.500446,0.23547967,0.23496643,-8.752057e-05,-9.236613e-05,0,0
19.520447,0.23716697,0.23667707,-0.00013075971,-0.00013458794,0,0
19.540447,0.23890479,0.23843575,-0.0001714628,-0.0001739421,0,0
19.560448,0.24065717,0.24019898,-0.00020896587,-0.00021005418,0,0
19.580448,0.2423888,0.24192622,-0.00024248386,-0.00024245869,0,0
19.600449,0.24406424,0.24358158,-0.00027112762,-0.00027053477,0,0
19.62045,0.2456479,0.24513415,-0.00029399543,-0.00029351332,0,0
19.64045,0.24710527,0.24655704,-0.00031044474,-0.0003105595,0,0
19.66045,0.24840412,0.24782644,-0.00032020596,-0.00032099482,0,0
19.68045,0.24951573,0.24892081,-0.0003232961,-0.0003244889,0,0
19.70045,0.25041664,0.24982071,-0.00031998428,-0.00032108426,0,0
19.720451,0.25108936,0.25050914,-0.00031064355,-0.00031115013,0,0
19.740452,0.2515221,0.25097227,-0.00029563886,-0.0002952523,0,0
19.760452,0.25170788,0.2512,-0.0002754042,-0.0002740012,0,0
19.780453,0.25164473,0.25118616,-0.00025030156,-0.00024802037,0,0
19.800453,0.25133526,0.25092894,-0.00022050993,-0.00021786588,0,0
19.820454,0.25078627,0.25043076,-0.00018637112,-0.00018390761,0,0
19.840454,0.25000912,0.24969845,-0.00014862533,-0.00014648998,0,0
19.860455,0.24901997,0.24874344,-0.00010822075,-0.00010622072,0,0
19.880455,0.24783978,0.24758226,-6.619444e-05,-6.4008236e-05,0,0
19.900455,0.2464941,0.24623713,-2.3613165e-05,-2.0941603e-05,0,0
19.920456,0.24501236,0.24473622,1.8709947e-05,2.1843547e-05,0,0
19.940456,0.24342692,0.24311347,6.0290608e-05,6.340997e-05,0,0
19.960457,0.24177189,0.24140742,0.00010069532,0.000103187784,0,0
19.980457,0.24008197,0.23965943,0.00013948887,0.00014084867,0,0
20.000458,0.2383916,0.23791137,0.00017626738,0.0001761423,0,0
20.020458,0.23673451,0.23620348,0.00021037569,0.00020882215,0,0
20.040459,0.23514353,0.23457293,0.0002408122,0.00023845206,0,0
20.06046,0.23365049,0.23305318,0.00026662217,0.00026424197,0,0
20.08046,0.23228623,0.23167394,0.00028715114,0.00028523197,0,0
20.10046,0.23108004,0.23046157,0.00030182736,0.00030062013,0,0
20.12046,0.23005876,0.22943926,0.00031011808,0.00030981546,0,0
20.140461,0.22924493,0.22862695,0.0003118863,0.00031237467,0,0
20.160461,0.22865549,0.22804064,0.00030729664,0.0003081564,0,0
20.180462,0.22830135,0.22769165,0.0002964317,0.00029737334,0,0
20.200462,0.22818813,0.22758594,0.00027944316,0.00028035435,0,0
20.220463,0.22831656,0.22772428,0.00025655585,0.00025746174,0,0
20.240463,0.22868297,0.22810264,0.00022776709,0.00022908476,0,0
20.260464,0.22927955,0.22871274,0.00019326906,0.00019546055,0,0
20.280464,0.2300944,0.22954246,0.00015389586,0.00015683346,0,0
20.300465,0.23111129,0.23057583,0.00011070781,0.00011389648,0,0
20.320465,0.23230942,0.23179269,6.477295e-05,6.7778405e-05,0,0
20.340466,0.23366365,0.23316818,1.7448456e-05,1.9779192e-05,0,0
20.360466,0.23514505,0.23467259,-2.9858158e-05,-2.864659e-05,0,0
20.380466,0.23672181,0.23627174,-7.6141405e-05,-7.6009244e-05,0,0
20.400467,0.23836009,0.23792835,-0.00012055731,-0.000121130164,0,0
20.420467,0.2400251,0.23960385,-0.00016214108,-0.00016316735,0,0
20.440468,0.241682,0.24126044,-0.00020011104,-0.00020136686,0,0
20.460468,0.24329655,0.24286291,-0.00023387966,-0.00023507517,0,0
20.480469,0.24483576,0.24437967,-0.00026264467,-0.00026379855,0,0
20.50047,0.24626847,0.24578315,-0.0002855748,-0.0002869917,0,0
20.52047,0.24756554,0.24704948,-0.00030218743,-0.00030402615,0,0
20.54047,0.24870002,0.24815793,-0.00031203384,-0.00031443842,0,0
20.56047,0.24964756,0.24909033,-0.00031454262,-0.0003179016,0,0
20.580471,0.25038707,0.24983044,-0.00030956496,-0.0003140555,0,0
20.600471,0.250901,0.25036395,-0.00029742607,-0.00030272777,0,0
20.620472,0.25117564,0.25067845,-0.00027832406,-0.000284157,0,0
20.640472,0.25120264,0.25076357,-0.00025235998,-0.00025874312,0,0
20.660473,0.25098008,0.2506116,-0.00021997886,-0.00022685295,0,0
20.680473,0.25051233,0.25021854,-0.0001818212,-0.00018901634,0,0
20.700474,0.24980937,0.24958521,-0.0001385352,-0.00014600235,0,0
20.720474,0.24888588,0.24871828,-9.101464e-05,-9.869832e-05,0,0
20.740475,0.24776056,0.24763092,-4.0359148e-05,-4.8139747e-05,0,0
20.760475,0.24645562,0.24634303,1.2422939e-05,4.4928133e-06,0,0
20.780476,0.24499685,0.24488083,6.625514e-05,5.807308e-05,0,0
20.800476,0.24341331,0.2432763,0.00011972289,0.00011154178,0,0
20.820477,0.24173678,0.24156615,0.00017131232,0.00016367954,0,0
20.840477,0.24000134,0.23979029,0.00021962375,0.00021307658,0,0
20.860477,0.23824304,0.2379902,0.0002632133,0.0002582821,0,0
20.880478,0.2364988,0.23620737,0.0003007233,0.00029783486,0,0
20.900478,0.23480491,0.234482,0.00033124487,0.0003303642,0,0
20.920479,0.23319653,0.2328518,0.00035423067,0.00035488434,0,0
20.94048,0.23170707,0.23135124,0.00036916812,0.00037090783,0,0
20.96048,0.2303672,0.23001108,0.00037554867,0.00037824048,0,0
20.98048,0.22920384,0.22885785,0.00037303267,0.00037676256,0,0
21.00048,0.22824024,0.22791314,0.0003614844,0.00036639275,0,0
21.020481,0.2274961,0.22719325,0.00034096919,0.00034712584,0,0
21.040482,0.22698723,0.2267092,0.00031189658,0.00031908735,0,0
21.060482,0.22672544,0.22646736,0.0002750453,0.000282691,0,0
21.080482,0.22671801,0.22647025,0.00023148383,0.00023878744,0,0
21.100483,0.2269663,0.22671743,0.00018256389,0.00018868767,0,0
21.120483,0.2274654,0.22720571,0.00012968635,0.00013410163,0,0
21.140484,0.22820452,0.22792861,7.407949e-05,7.687347e-05,0,0
21.160484,0.22916739,0.22887549,1.6909278e-05,1.8625744e-05,0,0
21.180485,0.23033306,0.23003048,-4.078512e-05,-3.9351067e-05,0,0
21.200485,0.23167749,0.2313717,-9.811995e-05,-9.609826e-05,0,0
21.220486,0.23317477,0.23287126,-0.00015397649,-0.00015092571,0,0
21.240486,0.23479654,0.23449637,-0.00020694612,-0.00020307847,0,0
21.260487,0.23651151,0.23621069,-0.00025566728,-0.0002514853,0,0
21.280487,0.23828572,0.2379759,-0.0002988586,-0.0002948843,0,0
21.300488,0.2400829,0.2397532,-0.00033531748,-0.0003320078,0,0
21.320488,0.24186559,0.24150477,-0.00036413872,-0.00036171256,0,0
21.340488,0.24359658,0.24319504,-0.0003847486,-0.00038316433,0,0
21.360489,0.24524005,0.24479158,-0.00039683472,-0.00039592647,0,0
21.38049,0.24676219,0.24626556,-0.00040037723,-0.0003999055,0,0
21.40049,0.24813259,0.24759157,-0.00039552816,-0.00039528724,0,0
21.42049,0.24932471,0.24874748,-0.00038244948,-0.00038242445,0,0
21.44049,0.2503156,0.2497143,-0.00036134952,-0.00036168454,0,0
21.460491,0.251086,0.25047588,-0.00033247028,-0.00033340667,0,0
21.480492,0.25162086,0.2510189,-0.00029610962,-0.00029791822,0,0
21.500492,0.25190926,0.25133282,-0.0002528579,-0.00025559365,0,0
21.520493,0.25194478,0.25140998,-0.00020371555,-0.00020705954,0,0
21.540493,0.25172618,0.25124562,-0.0001500628,-0.00015339057,0,0
21.560493,0.25125772,0.25083834,-9.353862e-05,-9.613522e-05,0,0
21.580494,0.25054905,0.25019065,-3.569736e-05,-3.7150345e-05,0,0
21.600494,0.24961556,0.24930976,2.2160119e-05,2.177066e-05,0,0
21.620495,0.24847803,0.24820872,7.886785e-05,7.919286e-05,0,0
21.640495,0.24716133,0.24690725,0.00013340855,0.00013402809,0,0
21.660496,0.24569339,0.24543217,0.0001849063,0.00018542404,0,0
21.680496,0.24410474,0.24381657,0.0002324192,0.00023266081,0,0
21.700497,0.24242796,0.2420985,0.00027487427,0.00027498385,0,0
21.720497,0.24069701,0.24031897,0.00031118482,0.00031149844,0,0
21.740498,0.23894726,0.23851994,0.00034032975,0.0003412329,0,0
21.760498,0.23721501,0.23674259,0.00036148736,0.00036326592,0,0
21.780499,0.23553672,0.2350262,0.00037428536,0.0003768741,0,0
21.800499,0.23394808,0.23340754,0.00037883403,0.00038173125,0,0
21.8205,0.23248255,0.23192051,0.0003754768,0.00037800934,0,0
21.8405,0.23117007,0.23059559,0.00036462516,0.00036624988,0,0
21.8605,0.23003735,0.22945923,0.0003467047,0.00034715445,0,0
21.8805,0.22910762,0.22853324,0.00032205944,0.00032143522,0,0
21.900501,0.22839992,0.2278346,0.00029092733,0.0002896979,0,0
21.920502,0.22792904,0.22737521,0.00025359364,0.00025238385,0,0
21.940502,0.22770561,0.22716212,0.00021062416,0.00020986254,0,0
21.960503,0.2277354,0.22719815,0.00016292545,0.00016267104,0,0
21.980503,0.22801864,0.22748245,0.00011169018,0.000111693116,0,0
22.000504,0.22855,0.2280107,5.8429985e-05,5.8173853e-05,0,0
22.020504,0.2293186,0.22877483,4.7334156e-06,3.6796005e-06,0,0
22.040504,0.23030773,0.22976242,-4.816692e-05,-5.0107912e-05,0,0
22.060505,0.23149563,0.23095556,-9.930771e-05,-0.000101785314,0,0
22.080505,0.23285665,0.23233004,-0.00014773026,-0.0001503564,0,0
22.100506,0.23436189,0.2338554,-0.00019260573,-0.00019504104,0,0
22.120506,0.23597991,0.23549576,-0.00023321349,-0.00023518692,0,0
22.140507,0.23767756,0.23721167,-0.00026862664,-0.00027023116,0,0
22.160507,0.23942079,0.23896243,-0.0002977694,-0.00029950996,0,0
22.180508,0.24117479,0.24070846,-0.000319806,-0.00032218883,0,0
22.200508,0.24290398,0.24241309,-0.00033427603,-0.0003374938,0,0
22.220509,0.24457228,0.24404334,-0.0003410072,-0.00034495018,0,0
22.240509,0.24614406,0.24556978,-0.00034011304,-0.00034443344,0,0
22.26051,0.247585,0.24696602,-0.0003320185,-0.00033614846,0,0
22.28051,0.2488639,0.24820817,-0.00031737547,-0.0003206222,0,0
22.30051,0.24995413,0.24927455,-0.00029693326,-0.00029866127,0,0
22.32051,0.25083432,0.25014612,-0.00027146074,-0.00027124822,0,0
22.340511,0.2514881,0.25080678,-0.00024162963,-0.00023942666,0,0
22.360512,0.2519032,0.25124398,-0.0002079031,-0.00020415639,0,0
22.380512,0.25207108,0.2514486,-0.0001707785,-0.00016615777,0,0
22.400513,0.25198716,0.25141475,-0.00013101091,-0.00012598856,0,0
22.420513,0.25165132,0.25113964,-8.932108e-05,-8.427926e-05,0,0
22.440514,0.2510687,0.25062355,-4.6350062e-05,-4.1695275e-05,0,0
22.460514,0.25025058,0.24987052,-2.98219e-06,1.1555042e-06,0,0
22.480515,0.24921416,0.24888921,3.989338e-05,4.356771e-05,0,0
22.500515,0.24798174,0.24769439,8.16988e-05,8.476021e-05,0,0
22.520515,0.2465793,0.24630783,0.00012195901,0.00012411016,0,0
22.540516,0.24503604,0.24475823,0.00016024572,0.00016116921,0,0
22.560516,0.2433836,0.24308053,0.00019623645,0.00019559519,0,0
22.580517,0.24165542,0.24131423,0.00022944494,0.00022713764,0,0
22.600517,0.2398863,0.23950143,0.00025908835,0.00025547593,0,0
22.620518,0.23811197,0.2376846,0.0002843246,0.00028003578,0,0
22.640518,0.23636849,0.23590486,0.0003044585,0.00030005336,0,0
22.660519,0.23469165,0.23420085,0.00031891777,0.00031478968,0,0
22.68052,0.23311637,0.23260817,0.00032719632,0.00032365145,0,0
22.70052,0.2316755,0.2311592,0.00032898074,0.000326188,0,0
22.72052,0.23039888,0.22988285,0.00032425224,0.00032213208,0,0
22.74052,0.22931303,0.22880413,0.00031312965,0.00031148267,0,0
22.76052,0.2284404,0.22794358,0.00029580455,0.00029445763,0,0
22.780521,0.2277985,0.22731683,0.00027270135,0.0002714046,0,0
22.800522,0.22739986,0.22693418,0.00024435658,0.00024285453,0,0
22.820522,0.22725186,0.22680077,0.00021118188,0.00020950097,0,0
22.840523,0.22735713,0.22691713,0.00017363203,0.00017201476,0,0
22.860523,0.22771376,0.22727984,0.0001323499,0.00013102317,0,0
22.880524,0.2283149,0.22788215,8.81204e-05,8.722087e-05,0,0
22.900524,0.22914821,0.22871406,4.201981e-05,4.141672e-05,0,0
22.920525,0.23019618,0.2297616,-4.6880627e-06,-5.3639274e-06,0,0
22.940525,0.23143665,0.23100585,-5.0962586e-05,-5.1891268e-05,0,0
22.960526,0.23284267,0.23242216,-9.594006e-05,-9.701904e-05,0,0
22.980526,0.23438284,0.23397972,-0.00013869106,-0.00013982909,0,0
23.000526,0.23602295,0.235642,-0.00017833053,-0.00017950365,0,0
23.020527,0.23772734,0.23736833,-0.00021414511,-0.00021527354,0,0
23.040527,0.23945911,0.23911655,-0.00024556153,-0.00024648465,0,0
23.060528,0.24118064,0.24084552,-0.00027211936,-0.00027263636,0,0
23.080528,0.24285443,0.24251696,-0.00029336082,-0.00029337988,0,0
23.100529,0.24444361,0.24409658,-0.00030863806,-0.00030844143,0,0
23.12053,0.24591297,0.24555412,-0.00031719045,-0.0003174436,0,0
23.14053,0.24723005,0.24686301,-0.00031849317,-0.00031984068,0,0
23.16053,0.24836612,0.2479999,-0.00031242534,-0.00031511512,0,0
23.18053,0.24929696,0.24894428,-0.00029922716,-0.0003030281,0,0
23.200531,0.25000355,0.2496784,-0.00027941438,-0.0002837415,0,0
23.220531,0.2504724,0.25018752,-0.00025357018,-0.00025781535,0,0
23.240532,0.2506954,0.25046036,-0.0002221893,-0.00022605332,0,0
23.260532,0.2506696,0.2504895,-0.00018571901,-0.00018928402,0,0
23.280533,0.25039703,0.25027183,-0.00014470765,-0.00014825129,0,0
23.300533,0.24988504,0.24980883,-9.995057e-05,-0.00010366559,0,0
23.320534,0.24914557,0.24910711,-5.2427335e-05,-5.634861e-05,0,0
23.340534,0.24819468,0.24817865,-3.2245814e-06,-7.2749954e-06,0,0
23.360535,0.2470524,0.24704105,4.637774e-05,4.24778e-05,0,0
23.380535,0.24574254,0.24571751,9.503134e-05,9.170664e-05,0,0
23.400536,0.24429286,0.24423668,0.00014142224,0.00013911954,0,0
23.420536,0.2427347,0.24263217,0.00018415344,0.00018341084,0,0
23.440536,0.24110186,0.24094188,0.00022202964,0.00022322663,0,0
23.460537,0.23942912,0.2392065,0.00025439108,0.00025731212,0,0
23.480537,0.23775156,0.23746757,0.00028081035,0.00028483645,0,0
23.500538,0.23610392,0.23576553,0.0003008479,0.00030540407,0,0
23.520538,0.23451956,0.23413828,0.00031419675,0.00031884064,0,0
23.540539,0.23302983,0.23262012,0.00032061746,0.00032511316,0,0
23.56054,0.23166458,0.23124133,0.00031983305,0.0003242568,0,0
23.58054,0.23045187,0.23002808,0.00031172848,0.00031626594,0,0
23.60054,0.22941738,0.22900265,0.00029644388,0.00030115806,0,0
23.62054,0.22858404,0.2281834,0.00027427234,0.0002791083,0,0
23.640541,0.22797117,0.22758476,0.0002456856,0.0002504819,0,0
23.660542,0.22759382,0.22721736,0.00021139364,0.00021585944,0,0
23.680542,0.22746249,0.22708812,0.00017229831,0.00017608375,0,0
23.700542,0.22758228,0.22720063,0.0001293697,0.00013224524,0,0
23.720543,0.22795202,0.22755516,8.3508756e-05,8.5557076e-05,0,0
23.740543,0.22856449,0.22814834,3.558274e-05,3.71605e-05,0,0
23.760544,0.22940762,0.2289724,-1.3517609e-05,-1.1962265e-05,0,0
23.780544,0.2304653,0.23001452,-6.300765e-05,-6.0956536e-05,0,0
23.800545,0.23171742,0.2312563,-0.00011215127,-0.00010911501,0,0
23.820545,0.23314051,0.23267375,-0.00015998473,-0.00015583295,0,0
23.840546,0.2347079,0.23423734,-0.00020530335,-0.00020038334,0,0
23.860546,0.23638919,0.235913,-0.00024684102,-0.0002417693,0,0
23.880547,0.23815008,0.23766306,-0.00028333295,-0.00027879747,0,0
23.900547,0.23995292,0.2394478,-0.00031364107,-0.00031021753,0,0
23.920547,0.2417581,0.2412268,-0.00033703796,-0.0003348926,0,0
23.940548,0.24352576,0.24296089,-0.00035321646,-0.00035205478,0,0
23.960548,0.24521805,0.2446135,-0.00036195223,-0.00036142362,0,0
23.980549,0.2468003,0.2461521,-0.00036298804,-0.0003630108,0,0
24.00055,0.24824125,0.24754867,-0.00035616994,-0.0003568776,0,0
